/*
 2. Используя сервис http://filldb.info или другой по вашему желанию,
 сгенерировать тестовые данные для всех таблиц, используя vk-data.sql,
 учитывая логику связей. Для всех таблиц, где это имеет смысл, создать не менее 100 строк.
 Для media_types создать ровно 4 строки. Загрузить тестовые данные.
 Приложить к отчёту полученный дамп с данными.
 */

-- MariaDB dump 10.19  Distrib 10.5.19-MariaDB, for Linux (x86_64)
--
-- Host: mysql.hostinger.ro    Database: u574849695_20
-- ------------------------------------------------------
-- Server version	10.5.19-MariaDB-cll-lve

/*!40101 SET @OLD_CHARACTER_SET_CLIENT=@@CHARACTER_SET_CLIENT */;
/*!40101 SET @OLD_CHARACTER_SET_RESULTS=@@CHARACTER_SET_RESULTS */;
/*!40101 SET @OLD_COLLATION_CONNECTION=@@COLLATION_CONNECTION */;
/*!40101 SET NAMES utf8mb4 */;
/*!40103 SET @OLD_TIME_ZONE=@@TIME_ZONE */;
/*!40103 SET TIME_ZONE='+00:00' */;
/*!40014 SET @OLD_UNIQUE_CHECKS=@@UNIQUE_CHECKS, UNIQUE_CHECKS=0 */;
/*!40014 SET @OLD_FOREIGN_KEY_CHECKS=@@FOREIGN_KEY_CHECKS, FOREIGN_KEY_CHECKS=0 */;
/*!40101 SET @OLD_SQL_MODE=@@SQL_MODE, SQL_MODE='NO_AUTO_VALUE_ON_ZERO' */;
/*!40111 SET @OLD_SQL_NOTES=@@SQL_NOTES, SQL_NOTES=0 */;

--
-- Table structure for table `communities`
--

DROP TABLE IF EXISTS `communities`;
/*!40101 SET @saved_cs_client     = @@character_set_client */;
/*!40101 SET character_set_client = utf8 */;
CREATE TABLE `communities` (
  `id` bigint(20) unsigned NOT NULL AUTO_INCREMENT,
  `name` varchar(145) NOT NULL,
  `description` varchar(245) DEFAULT NULL,
  `admin_id` bigint(20) unsigned NOT NULL,
  PRIMARY KEY (`id`),
  KEY `fk_communities_users_admin_idx` (`admin_id`),
  CONSTRAINT `fk_communities_users` FOREIGN KEY (`admin_id`) REFERENCES `users` (`id`)
) ENGINE=InnoDB AUTO_INCREMENT=101 DEFAULT CHARSET=utf8mb4 COLLATE=utf8mb4_unicode_ci;
/*!40101 SET character_set_client = @saved_cs_client */;

--
-- Dumping data for table `communities`
--

LOCK TABLES `communities` WRITE;
/*!40000 ALTER TABLE `communities` DISABLE KEYS */;
INSERT INTO `communities` VALUES (1,'nostrum','Mollitia et et occaecati quasi. Dolorem ipsa dolore est et. Sed sapiente voluptas odit veniam et harum.',1),(2,'officiis','Maxime repudiandae voluptatibus inventore reprehenderit quasi aspernatur. Dolorem ipsam eos culpa sapiente neque mollitia sapiente. Iste non dignissimos repudiandae id alias impedit et.',2),(3,'laboriosam','Ratione autem ad inventore non qui qui ut. Fuga exercitationem laboriosam est. Itaque explicabo autem quos consectetur.',3),(4,'cum','Earum magni ut tempora sunt est eaque est. Dolore consectetur rerum recusandae culpa. Exercitationem cumque et dolore sit neque. Sed est adipisci dolores incidunt iusto.',4),(5,'quod','Porro odio sapiente voluptas non. Voluptatum praesentium earum doloribus perspiciatis natus cum corporis impedit. Odit eligendi consectetur alias et nisi aut suscipit voluptas. Quo reprehenderit pariatur laudantium facere et.',5),(6,'quia','Et dolore tempore debitis. Dolores nulla enim odit dolorem ut ipsa fugit. Mollitia id quaerat dolor nulla odio et ab reprehenderit.',6),(7,'consequatur','Praesentium qui qui nemo debitis provident. Illum maiores doloremque unde quasi ut. Quia sunt eaque maxime voluptas eum modi. Dolor excepturi ad maxime. Aliquam et dolore et saepe et aut.',7),(8,'dolorum','Ex distinctio iure sit recusandae quam rerum fugit. Et debitis sed ipsam doloremque dicta non eius molestiae. Eos ut quam odio fugiat et ab.',8),(9,'magnam','Dolores est id qui quam velit velit. Ab voluptatibus ratione eveniet aut ratione quae vel molestias. Sed magnam aut optio et.',9),(10,'adipisci','Et fugiat ut ea ut laboriosam. Fuga quam quis ipsum aut qui quisquam voluptates et. Eligendi molestias qui eveniet et asperiores est qui.',10),(11,'magni','Est fugit ea eligendi quae ut voluptatem dolorem. Soluta asperiores est eum accusamus. Officia totam assumenda a ipsam vero qui omnis.',11),(12,'optio','Minus id accusantium ducimus quia unde. Cupiditate quam qui quidem labore. Soluta incidunt deserunt velit reiciendis nisi consequuntur necessitatibus. Id odit et et culpa.',12),(13,'enim','Qui quis et sed nobis voluptates. Sequi ut eveniet fuga ea voluptas. Expedita qui sapiente recusandae quis doloremque quidem. Nisi et rerum ea rerum et commodi.',13),(14,'ducimus','Sit accusamus nobis aperiam omnis enim laboriosam mollitia. Exercitationem dolorem placeat autem animi exercitationem.',14),(15,'incidunt','Eos aut est dolores fuga repellendus ullam error. Repudiandae enim tempora eligendi dolorem. Illum possimus voluptatem optio dolores. Tenetur ut ut et perspiciatis.',15),(16,'inventore','Porro enim enim ad alias libero vitae. Ducimus et facere occaecati est dolorem aut tenetur. Ea non accusamus et est aspernatur. Similique quisquam est ipsa illo tempore ut. Qui ipsam fuga perspiciatis reiciendis odit quas esse ad.',16),(17,'aut','Sequi molestias sed nesciunt quisquam laborum ut. Non impedit quis quo placeat rem ullam sed. Possimus et voluptas doloremque deserunt voluptatum facere et quo. Deserunt ipsam aspernatur officiis ex omnis.',17),(18,'illum','Voluptatem vel fugit deserunt asperiores. Doloremque non ab nesciunt ut quam atque. Corporis cum assumenda tempore enim aut.',18),(19,'est','Nostrum accusamus unde sapiente dolorem eaque. Voluptatum dicta cum vero laudantium ut fugit ex. Dolorem magnam ut corporis qui dolores rem. Quibusdam deserunt facere reiciendis repellendus rerum.',19),(20,'eveniet','Sit laudantium dignissimos ea adipisci. Nemo ut id dolor accusantium culpa consequuntur in. Corrupti est exercitationem voluptas eos corporis.',20),(21,'ipsum','Accusantium dicta nostrum et magnam sed quis qui. At voluptas natus qui. Aperiam dolore sit ut saepe occaecati quo. Similique tempora molestiae sint nam nisi.',21),(22,'expedita','Quod aut vel ut voluptatibus quod id. Perferendis rerum occaecati ut iusto ut sequi.',22),(23,'odio','Suscipit dolorem omnis quos eos. Adipisci et amet provident deleniti officia et ex. Et nemo debitis doloremque fugiat iure et velit. Tenetur inventore perspiciatis ea aliquid harum voluptatem porro.',23),(24,'iusto','Consequatur voluptas corrupti itaque dolores impedit expedita enim. Rem et minima culpa impedit optio ut enim. Soluta aut magnam autem at minima vero. Voluptatem nulla molestiae temporibus maxime.',24),(25,'ut','Et sint voluptatum ea accusamus alias suscipit odio. Ut facilis excepturi totam consequatur quibusdam. Tenetur ut quis minus odio quia voluptas laudantium quidem. Impedit deserunt doloremque a consequuntur sint ducimus.',25),(26,'labore','Error ut voluptas eius eveniet voluptas ab est. Quos et minima perspiciatis vero nostrum at. Est repudiandae quaerat quasi natus. Voluptatem veniam qui ipsa ut voluptatem earum autem.',26),(27,'accusantium','Minus dicta tempora animi voluptates deleniti et. Et eligendi voluptatem esse sequi dolorum eum molestias consequuntur. Consectetur quis facilis ut esse velit architecto facere. Corporis amet optio et adipisci sit voluptatibus.',27),(28,'ab','Consectetur deserunt non omnis ut id. Numquam ipsam et iure enim ut. Omnis nostrum quis repellat id eaque amet alias. Distinctio minima incidunt odit et maxime voluptates asperiores.',28),(29,'ex','Enim odio voluptas aperiam ut nisi dolore. Velit repellat aut officiis et architecto perferendis.',29),(30,'totam','Rerum quidem voluptatem dignissimos. Natus enim autem vitae. Accusamus magnam qui enim harum ut excepturi. Aut quisquam porro rerum eum quia dolores at. Dolore sequi laborum dolore ab sed.',30),(31,'occaecati','Nulla omnis ad error ducimus voluptatem. Beatae non quisquam occaecati corporis. Ut est cumque sed.',31),(32,'et','Et quia provident sit qui consectetur qui dolorem autem. Veritatis veritatis necessitatibus quibusdam nostrum. Sapiente expedita possimus est qui autem praesentium.',32),(33,'asperiores','Tenetur sunt in et voluptas dolor aliquam aut mollitia. Minima quia harum ut nisi velit est et. In aut ex eum totam.',33),(34,'est','Laborum at officia culpa est. Aut voluptas veniam quis sunt. Rem dignissimos voluptatem voluptatem id ad excepturi laboriosam quidem. Corporis deleniti in magni qui consectetur dolorum a.',34),(35,'ut','Ut itaque dolorum rerum dicta inventore quam aut. Veritatis voluptas ullam consequatur vel suscipit nisi. Nihil qui modi debitis porro. Quo totam voluptatem adipisci dolor non.',35),(36,'et','Occaecati delectus ipsum incidunt corrupti voluptates non. Eaque quisquam fuga dolorem. Dolores fugiat deleniti eum voluptas qui ea molestiae.',36),(37,'recusandae','Modi omnis voluptatem natus omnis facilis et deserunt ab. Tempore consequuntur magni atque vel enim dolorem ut corrupti.',37),(38,'consequatur','Omnis est minima molestias aut laudantium sunt illo. Neque possimus aliquid voluptas ipsum. Qui tenetur quia inventore suscipit et.',38),(39,'enim','Sint harum amet veritatis accusamus possimus. Magnam sint omnis minima et voluptates. Et beatae maiores neque. Aperiam doloremque in at non dignissimos qui illo.',39),(40,'eum','Molestiae voluptatum quae ipsum est eius atque aut repudiandae. Sit nulla harum consequuntur. Ducimus illum non ea voluptatibus praesentium quo rerum deleniti. Deleniti ipsa et quia vero optio et.',40),(41,'accusamus','Ut culpa et ratione quasi dolores dicta quo. Omnis inventore dolorem totam quos voluptatem. Qui eos reprehenderit et nemo molestiae eos deleniti.',41),(42,'animi','Consequatur animi blanditiis occaecati dicta vitae consequatur. Vel distinctio sit sed excepturi nisi vitae nostrum. Aliquid iure occaecati eaque corporis adipisci in.',42),(43,'laudantium','Voluptatem repellendus rerum aspernatur iure. Est est veniam eaque quo non tempora. Quia accusamus autem voluptatibus similique ut. Adipisci atque non id enim nisi.',43),(44,'possimus','Aperiam error cumque in placeat. Quis excepturi et aliquam et magni possimus quia. Rerum laudantium rerum est rerum eius provident. Eius voluptatem et quia nihil quas.',44),(45,'non','Ut possimus et modi eaque voluptatem. Quia corrupti rerum et quo non dolores omnis minima. Ipsum deleniti alias neque et non natus et. Tenetur aut sit consequatur quo nihil.',45),(46,'laudantium','Adipisci molestias vel corrupti vitae. Est sunt atque cum distinctio qui dolorem quia. Eveniet laboriosam aut vitae numquam illo non doloremque. Iste provident consequatur at distinctio et et.',46),(47,'fuga','Vel explicabo voluptas et ut. Perspiciatis nulla iure fuga reiciendis aspernatur voluptatum. Veniam dignissimos provident et iure.',47),(48,'reprehenderit','Blanditiis laudantium ut rerum voluptatibus. Aut aspernatur voluptatem placeat ipsa. Excepturi quia et dolores. Velit ut ut soluta perferendis adipisci.',48),(49,'nihil','Incidunt aut magnam autem. Est deserunt laboriosam odit in placeat. In rem nostrum doloremque voluptatibus delectus tempore voluptatem. Officiis non distinctio qui sit doloribus.',49),(50,'et','Dolorum corrupti doloribus voluptatem iure quod ea. Inventore laborum cumque aspernatur corporis. A laudantium consequatur reprehenderit quibusdam dolores. Quia numquam cupiditate qui.',50),(51,'accusamus','Nesciunt ab laboriosam et omnis fuga culpa veniam. Et autem ducimus expedita praesentium esse tempore. Iste pariatur aperiam odit hic dolorem eum sunt.',51),(52,'eum','Eaque sed saepe est inventore voluptatem ullam consequatur ex. Optio sunt voluptatibus amet mollitia sint. Earum error non in praesentium ipsum impedit. Laboriosam vero reiciendis a recusandae qui.',52),(53,'est','Accusamus sequi totam rerum ut occaecati qui fugiat. Quas a voluptatem modi consequatur sit corporis. Tempore dignissimos et rerum enim. Voluptate eum non officia occaecati.',53),(54,'doloribus','Doloremque mollitia sed nisi harum. Impedit non ut deleniti nulla non iste est. Consectetur modi molestias voluptatibus debitis et consequatur incidunt. Exercitationem repudiandae tempore et saepe quo expedita.',54),(55,'illo','Et voluptates rerum omnis dolorum vel non. Dicta sequi voluptatum ducimus dolore optio minus. Quia qui rem labore consequatur nulla unde in iusto.',55),(56,'vero','Labore necessitatibus aut sed dolor vitae. Velit error et non fugiat. Aliquam est voluptatem ipsum numquam et officia. Accusamus ab accusantium sunt aspernatur illo quibusdam quia quibusdam.',56),(57,'quidem','Dolorem nemo dolorem et iusto enim est. Quisquam rerum consequuntur neque sapiente nesciunt. Accusantium sed provident suscipit perferendis deserunt nisi. At vel ut odio dolores asperiores.',57),(58,'et','Expedita suscipit omnis quam a asperiores ea consectetur repudiandae. Illo ex sint quaerat rem amet a alias. Doloremque suscipit magni ducimus sed ut sapiente.',58),(59,'dolores','Mollitia itaque et quos voluptatibus expedita. Quidem doloremque placeat molestias temporibus. Hic dicta sed est aut.',59),(60,'necessitatibus','Doloremque omnis voluptas esse accusantium ea. Recusandae sunt voluptas et. Optio at molestiae nisi asperiores quis tenetur est. Eum eum earum maxime eum omnis quia. Voluptas voluptatum quis veritatis asperiores ad quis.',60),(61,'nesciunt','Quo tempore nulla odit architecto sint voluptatem. Cupiditate quaerat sequi voluptatem quidem debitis perferendis alias unde. Modi temporibus sed expedita voluptatem neque commodi natus dolorum. Excepturi cum tempore eos officiis consequuntur do',61),(62,'ipsa','Nihil autem rem excepturi eum perspiciatis nemo ea. Itaque et ad temporibus ad. Omnis et voluptatibus recusandae natus atque. Sequi error voluptatibus voluptas eum quis.',62),(63,'saepe','Illum quasi amet eveniet accusamus ex tenetur totam. Aut dolore rerum officia magnam facilis qui. Sequi sequi maxime voluptatum velit aut. Veritatis officiis vitae autem fuga itaque error.',63),(64,'neque','Fugiat dolore autem sit. Dignissimos architecto vitae commodi unde molestias quia. Deserunt dignissimos ut nostrum harum architecto consequuntur mollitia.',64),(65,'voluptatem','Dolorum ea explicabo non voluptatem voluptates quas repellendus. Expedita quam qui voluptatum. Consequatur alias velit laborum labore. Nisi id ipsa amet neque sit.',65),(66,'quis','Vel est consequatur minus eos possimus nemo rerum ab. Est aliquid optio beatae ut quam hic non. Id et placeat et et quia laboriosam reprehenderit. Nisi molestiae dolores velit similique. Dolor dolorem repellat et modi illum.',66),(67,'magnam','Ratione debitis cum praesentium nam vel est asperiores omnis. Alias qui officiis natus est sed eius iure. Aut non qui ducimus est. Earum nihil quia eveniet suscipit repellat pariatur laudantium.',67),(68,'unde','Nulla vero consectetur cumque doloribus. Ratione sint aut ut et non pariatur. Officia eum est consequatur error eligendi qui nulla.',68),(69,'et','Est quasi reprehenderit eos culpa nobis. Qui quaerat fugiat quibusdam alias numquam dignissimos voluptates. Voluptatibus cumque et sapiente velit sit expedita. Veniam cupiditate veniam tenetur non quae sapiente qui.',69),(70,'ut','Et mollitia ex eligendi optio voluptatem eos dolor. Id sunt quod molestiae voluptas aut suscipit modi. Ea quis totam est tempore laborum. Est quos sint officia in sint sit.',70),(71,'qui','Qui alias enim voluptatem et et. Corporis ab sit vero nobis vero porro. Corporis mollitia a possimus cum impedit quidem dolores.',71),(72,'repellendus','Repellat nobis iure mollitia est doloribus sed. Est aut rerum nisi ut perferendis eius iusto tempore. Ea in ut vero cum vero est qui.',72),(73,'aut','Pariatur voluptatum velit dolor. Est ea in eos nihil ut perspiciatis velit. Vero libero sequi veniam nam accusamus. Ut et eum corporis aut minus a.',73),(74,'dolor','Dolore quam aut veniam fugit. Doloribus error aut sed est. Voluptatum ratione dolorum est dolor modi quos vitae.',74),(75,'sit','Consequatur praesentium quia facilis impedit ipsam eum. Ut omnis sit ea alias vel dolor earum. Eum sit dolores sit eum.',75),(76,'voluptates','Qui et laboriosam dicta. Error nobis alias numquam est aut praesentium corporis. Quidem autem dolorem reprehenderit possimus inventore qui. Asperiores reiciendis cum repudiandae saepe.',76),(77,'voluptatibus','Dolorem alias assumenda consequatur nisi. Ut voluptas ab culpa aspernatur possimus eveniet ut qui. Maxime tempora et rem harum.',77),(78,'laudantium','Quis molestias sed cupiditate ut. Iste eveniet nesciunt perspiciatis soluta autem cupiditate. Quia aut alias in. Nihil eum porro ea quia. Accusamus dolorum recusandae eum sed aut commodi.',78),(79,'nihil','Voluptatum omnis odio libero aperiam accusamus debitis qui. Sint esse incidunt accusamus suscipit. Consequuntur est sed consequatur autem enim est et.',79),(80,'consequatur','Voluptatibus eos cum porro voluptates. Enim deserunt dicta nobis nulla. Accusamus quia vitae animi impedit. Nesciunt officiis maiores qui iste voluptas est.',80),(81,'qui','Quae perferendis earum vel rem sint natus veniam. Esse magni ut omnis ut.',81),(82,'debitis','Deserunt aliquam ad sunt totam temporibus voluptatem beatae. Est officia qui nostrum nihil quae. Non exercitationem repellendus natus quasi ipsum amet eveniet. Ipsam saepe sit incidunt omnis similique. Voluptatem repellat sed adipisci consectetu',82),(83,'in','Quisquam quis pariatur omnis reprehenderit suscipit unde eum fugiat. Ut enim accusamus maiores atque repellat voluptatem. Sapiente rerum tempora consequatur aut ratione illum. Delectus ullam quia quis quia eos quas.',83),(84,'vel','Voluptatem explicabo omnis vitae deleniti incidunt repellat. Quia in aperiam inventore nobis ut. Et sed cumque sed in cum.',84),(85,'adipisci','Assumenda ex qui provident. Eligendi enim libero dolor quasi. Enim reiciendis placeat consequatur iure dicta repellendus fugit.',85),(86,'at','Illo recusandae adipisci quaerat eum tempora voluptas non. Fuga repellendus et ipsam repellendus quasi et omnis. Ad harum nihil sequi qui. In consequatur saepe ab totam ea aut et.',86),(87,'ipsa','Earum voluptatem debitis nesciunt. Quia praesentium odio nesciunt adipisci amet saepe. Id dignissimos illum eum quibusdam reprehenderit. Ut provident sed aut quia repellat.',87),(88,'illum','Quis aut saepe et voluptates qui id eveniet. Eaque sit deleniti tempora. Qui laboriosam architecto rerum quaerat hic.',88),(89,'ex','Perspiciatis iste velit blanditiis hic neque delectus neque. Quis repudiandae odit quas placeat quasi qui. Temporibus quo quia iste nemo voluptatem rerum itaque incidunt.',89),(90,'autem','Inventore asperiores doloremque autem qui unde sunt. Vel molestias earum dolorem molestiae vel. Velit voluptatibus non quia repellat in. Laborum minima atque nisi.',90),(91,'officiis','Tempore excepturi rerum dolore molestias laborum. In molestias voluptas error quaerat impedit quam. Et consequatur vero exercitationem sint voluptatem. Earum ut culpa velit rerum expedita.',91),(92,'cumque','Laudantium et culpa qui eos eaque aut laboriosam. Beatae dolore in magnam facere. Fugiat ut alias aut et dolore impedit repudiandae. Odio cum esse fuga nam id earum.',92),(93,'perferendis','Porro corporis quas reprehenderit et. Quibusdam non quia veniam omnis. Fuga incidunt ab atque vel rerum et quae. Quia et deserunt eius est nihil saepe.',93),(94,'tenetur','In illum quaerat enim enim voluptates quis. Aut cumque optio temporibus eum ullam quod. Ut necessitatibus ducimus ad molestias accusantium nobis. Fuga eos numquam fugiat eligendi voluptatem.',94),(95,'ratione','Ratione dolor saepe sit totam eos consequatur voluptatem provident. Quisquam qui et cum et illo maiores earum. Minima minima quasi ratione repudiandae.',95),(96,'dolorem','Eum culpa quia eum dolor sit. Perspiciatis quia dignissimos placeat aperiam eum. Eum explicabo sit repellat modi consectetur rerum molestias.',96),(97,'non','Rerum ut sunt ipsum quasi ipsum aspernatur qui. Dolor voluptatem fugiat ut quasi illo. Dolores quia deleniti quas qui similique reprehenderit.',97),(98,'dolorem','Enim deserunt voluptas ut consequatur est dolore sed hic. Qui non consequatur libero. Pariatur rerum et minus magnam rerum dolor id. Animi ut nostrum maiores alias omnis quis.',98),(99,'amet','Quo occaecati distinctio ut quia eos. Eveniet dicta praesentium in ex dolor omnis. Aliquid doloribus et qui distinctio.',99),(100,'labore','Soluta voluptatem cum iste eum eveniet ut. Perferendis dolor natus voluptatibus nobis. Culpa dignissimos eos sit tenetur dolores ratione et. Ut ipsam voluptas deleniti nulla soluta ex consequuntur.',100);
/*!40000 ALTER TABLE `communities` ENABLE KEYS */;
UNLOCK TABLES;

--
-- Table structure for table `communities_users`
--

DROP TABLE IF EXISTS `communities_users`;
/*!40101 SET @saved_cs_client     = @@character_set_client */;
/*!40101 SET character_set_client = utf8 */;
CREATE TABLE `communities_users` (
  `community_id` bigint(20) unsigned NOT NULL,
  `user_id` bigint(20) unsigned NOT NULL,
  `created_at` datetime NOT NULL DEFAULT current_timestamp(),
  PRIMARY KEY (`community_id`,`user_id`),
  KEY `communities_users_comm_idx` (`community_id`),
  KEY `communities_users_users_idx` (`user_id`),
  CONSTRAINT `fk_communities_users_comm` FOREIGN KEY (`community_id`) REFERENCES `communities` (`id`),
  CONSTRAINT `fk_communities_users_users` FOREIGN KEY (`user_id`) REFERENCES `users` (`id`)
) ENGINE=InnoDB DEFAULT CHARSET=utf8mb4 COLLATE=utf8mb4_unicode_ci;
/*!40101 SET character_set_client = @saved_cs_client */;

--
-- Dumping data for table `communities_users`
--

LOCK TABLES `communities_users` WRITE;
/*!40000 ALTER TABLE `communities_users` DISABLE KEYS */;
INSERT INTO `communities_users` VALUES (1,5,'2018-05-06 09:24:45'),(1,37,'2015-09-06 19:12:59'),(1,97,'1974-07-11 06:20:09'),(2,42,'1977-03-12 17:49:30'),(2,76,'2008-05-29 14:04:57'),(3,45,'1996-09-27 06:52:17'),(3,51,'1989-04-08 12:01:24'),(3,94,'1995-04-22 19:40:11'),(5,4,'1972-03-03 17:26:15'),(5,53,'2014-04-06 00:37:28'),(5,56,'2004-11-08 14:34:37'),(5,73,'1996-11-13 05:19:34'),(5,85,'1990-09-29 22:21:47'),(6,30,'1974-01-24 23:21:48'),(6,47,'1983-09-27 16:02:25'),(6,82,'2022-03-30 16:07:47'),(7,2,'2012-01-21 02:05:56'),(7,25,'1986-11-26 10:31:57'),(7,34,'2001-11-27 18:42:08'),(7,85,'1978-09-30 20:01:15'),(8,18,'2008-09-05 21:54:24'),(8,25,'1990-12-27 20:09:33'),(9,96,'2013-12-27 01:52:17'),(10,6,'1992-01-03 09:58:07'),(10,12,'2019-05-31 05:11:02'),(10,62,'2007-12-30 20:00:57'),(10,89,'2005-04-16 11:27:37'),(11,75,'1999-10-30 05:59:50'),(11,79,'1984-04-03 20:15:48'),(11,92,'1996-05-29 11:02:38'),(12,79,'2017-01-05 22:06:31'),(13,59,'1971-11-08 21:16:43'),(13,80,'2004-12-09 21:49:08'),(14,68,'1974-04-10 10:38:10'),(15,84,'1990-03-05 04:24:29'),(16,36,'1989-07-27 22:06:22'),(16,38,'1988-06-24 17:16:32'),(17,65,'1975-09-02 12:30:28'),(19,20,'2019-08-14 08:02:04'),(19,42,'2002-03-21 16:41:30'),(19,46,'1988-04-24 11:43:44'),(19,62,'2011-10-29 08:09:38'),(20,100,'2021-10-02 14:02:33'),(23,33,'2013-05-15 06:20:49'),(23,100,'2005-07-29 19:41:36'),(24,11,'1981-03-18 10:35:43'),(24,72,'1988-09-30 10:58:33'),(24,76,'1997-06-08 11:32:00'),(25,16,'2020-03-03 08:27:42'),(27,4,'1982-09-19 22:42:42'),(27,31,'1995-06-09 11:40:23'),(28,41,'2011-12-07 18:46:44'),(29,61,'2019-11-22 06:53:11'),(29,80,'2012-11-05 00:59:20'),(30,14,'2020-06-17 23:34:24'),(30,28,'1982-09-17 14:12:00'),(30,77,'2012-05-13 01:57:40'),(31,15,'1989-07-23 13:17:10'),(32,66,'1978-09-26 14:43:41'),(33,10,'1973-06-16 09:30:28'),(36,100,'1970-04-26 14:23:56'),(37,42,'1986-07-19 04:56:21'),(37,61,'2012-12-26 08:00:02'),(38,11,'1998-12-03 20:09:43'),(38,34,'1978-11-30 00:08:00'),(38,54,'1997-03-01 03:18:21'),(38,57,'2019-05-05 02:37:12'),(39,37,'2023-05-25 23:40:50'),(39,45,'2000-11-04 17:16:30'),(39,53,'2006-09-05 10:43:02'),(40,68,'1990-02-19 04:03:11'),(41,2,'1972-09-09 04:26:46'),(41,69,'1997-04-27 04:23:34'),(42,27,'1992-02-28 04:11:29'),(42,60,'1999-01-05 04:00:48'),(42,94,'1999-06-26 05:58:22'),(43,50,'1970-10-05 13:52:39'),(44,39,'1988-12-13 16:44:13'),(45,11,'2001-11-29 04:56:53'),(45,13,'1986-04-04 04:02:22'),(45,21,'1985-02-12 06:41:21'),(45,59,'1973-10-08 16:45:34'),(45,79,'1971-05-14 07:55:13'),(45,80,'2004-07-22 02:45:31'),(47,64,'2022-01-23 07:36:03'),(48,26,'2020-09-30 13:21:01'),(48,79,'2009-09-20 06:18:41'),(49,96,'1998-10-16 00:34:13'),(50,21,'1976-11-03 22:18:35'),(50,52,'1993-05-19 13:40:46'),(50,56,'1983-08-14 12:37:57'),(50,75,'1992-01-19 12:56:25'),(51,79,'2010-04-10 13:08:29'),(52,69,'1981-11-13 09:29:31'),(52,78,'2001-06-24 10:14:52'),(53,8,'1974-01-13 15:09:23'),(53,40,'1999-04-20 15:10:28'),(53,41,'2004-12-04 15:09:07'),(56,21,'2007-01-13 13:13:46'),(56,51,'1980-10-23 05:27:15'),(56,54,'1978-05-21 02:51:45'),(56,85,'1997-02-27 09:22:09'),(57,64,'2006-09-02 21:00:49'),(57,65,'1989-12-31 19:36:16'),(57,85,'1985-04-18 02:52:08'),(58,1,'2003-11-11 09:14:33'),(58,3,'2022-02-25 02:29:06'),(59,86,'1988-11-12 00:50:43'),(59,87,'1994-11-26 21:24:40'),(60,49,'1992-07-15 14:19:11'),(60,68,'2018-12-19 02:02:39'),(60,74,'1971-03-06 18:37:38'),(61,14,'2021-04-03 16:54:35'),(61,71,'2004-02-12 17:03:55'),(62,40,'1982-07-20 04:46:59'),(62,63,'1984-11-28 01:39:58'),(62,86,'2019-11-12 19:09:19'),(64,27,'1984-09-19 09:21:50'),(64,82,'1971-07-07 05:11:35'),(65,5,'1978-07-09 20:42:31'),(65,73,'2005-03-18 00:06:39'),(66,36,'2002-04-24 09:57:00'),(66,85,'1981-09-13 07:41:55'),(67,45,'1974-11-17 00:28:35'),(67,58,'2012-07-19 10:00:19'),(68,95,'1971-02-26 20:06:46'),(69,23,'1998-09-09 19:57:36'),(69,27,'2019-05-30 21:07:23'),(70,18,'1999-04-18 14:08:47'),(70,22,'1994-06-25 21:34:33'),(71,14,'2017-04-01 19:12:22'),(71,28,'1971-07-31 08:10:11'),(71,30,'1991-09-18 16:27:17'),(72,5,'2012-07-23 07:10:21'),(72,13,'2021-01-08 09:03:23'),(73,29,'2020-02-03 12:44:03'),(73,57,'1971-01-03 06:59:34'),(73,77,'2006-01-27 02:07:30'),(73,91,'2010-11-20 22:12:11'),(74,25,'2020-06-16 05:57:20'),(74,42,'2001-12-07 08:04:22'),(74,55,'1998-11-30 10:52:37'),(76,21,'1980-03-19 14:30:25'),(76,75,'1972-03-12 03:41:45'),(77,4,'1977-01-14 20:03:15'),(77,15,'1987-04-02 03:27:04'),(77,50,'1999-05-07 23:24:10'),(78,15,'1986-03-25 11:05:45'),(78,61,'2012-12-22 12:20:46'),(78,67,'2002-05-14 19:13:50'),(78,74,'2022-04-04 06:06:03'),(79,21,'2012-01-02 19:41:36'),(79,57,'2008-07-16 22:11:21'),(80,1,'2010-02-09 03:39:21'),(80,68,'2003-12-29 06:17:54'),(80,89,'1986-03-28 15:52:16'),(80,91,'1993-04-12 23:22:40'),(80,95,'2006-03-16 14:19:43'),(80,99,'2014-04-22 23:24:50'),(81,56,'1994-02-14 02:26:18'),(81,68,'1980-07-07 19:57:59'),(81,81,'1992-12-01 18:58:51'),(82,25,'2000-09-16 10:09:17'),(82,94,'1985-03-14 12:06:46'),(83,87,'2022-12-14 16:29:53'),(83,92,'2016-02-07 22:23:17'),(85,5,'2000-02-16 11:56:07'),(85,15,'2012-03-29 10:01:17'),(85,25,'2001-12-26 23:49:13'),(85,39,'2008-02-26 04:16:49'),(85,99,'1993-08-22 02:48:32'),(86,10,'2017-06-21 23:58:15'),(86,12,'1981-12-09 22:00:38'),(86,57,'1983-12-10 02:59:43'),(86,75,'1985-06-30 17:28:09'),(87,57,'2014-07-31 22:37:48'),(87,75,'1977-12-28 16:01:50'),(88,58,'2018-02-23 07:33:26'),(88,75,'2010-10-03 13:23:35'),(91,13,'2003-02-04 23:11:19'),(91,74,'1989-12-24 20:47:16'),(92,10,'1981-06-18 13:31:08'),(93,12,'2010-12-15 19:17:07'),(94,3,'2013-04-09 20:41:03'),(94,35,'2019-09-04 19:09:58'),(95,18,'1981-03-10 02:18:05'),(95,22,'2006-04-17 01:04:38'),(95,29,'1986-06-16 14:44:33'),(95,32,'2008-10-14 14:14:15'),(96,8,'1973-08-31 05:02:29'),(96,11,'2005-06-25 13:20:57'),(96,21,'1971-03-15 12:35:02'),(98,91,'1970-02-13 04:10:13'),(99,19,'1974-10-19 03:18:26'),(99,23,'2019-07-11 13:15:26'),(99,66,'2010-07-10 21:38:03'),(99,91,'1991-06-25 11:27:18'),(99,95,'1982-03-02 22:29:42'),(100,8,'2009-05-20 11:14:11'),(100,12,'1997-07-21 21:53:23');
/*!40000 ALTER TABLE `communities_users` ENABLE KEYS */;
UNLOCK TABLES;

--
-- Table structure for table `friend_requests`
--

DROP TABLE IF EXISTS `friend_requests`;
/*!40101 SET @saved_cs_client     = @@character_set_client */;
/*!40101 SET character_set_client = utf8 */;
CREATE TABLE `friend_requests` (
  `from_user_id` bigint(20) unsigned NOT NULL,
  `to_user_id` bigint(20) unsigned NOT NULL,
  `accepted` tinyint(1) DEFAULT 0,
  PRIMARY KEY (`from_user_id`,`to_user_id`),
  KEY `fk_friend_requests_from_user_idx` (`from_user_id`),
  KEY `fk_friend_requests_to_user_idx` (`to_user_id`),
  CONSTRAINT `fk_friend_requests_users_1` FOREIGN KEY (`from_user_id`) REFERENCES `users` (`id`),
  CONSTRAINT `fk_friend_requests_users_2` FOREIGN KEY (`to_user_id`) REFERENCES `users` (`id`)
) ENGINE=InnoDB DEFAULT CHARSET=utf8mb4 COLLATE=utf8mb4_unicode_ci;
/*!40101 SET character_set_client = @saved_cs_client */;

--
-- Dumping data for table `friend_requests`
--

LOCK TABLES `friend_requests` WRITE;
/*!40000 ALTER TABLE `friend_requests` DISABLE KEYS */;
INSERT INTO `friend_requests` VALUES (1,21,0),(1,29,0),(3,86,1),(3,87,1),(6,7,1),(10,22,0),(11,50,0),(12,35,1),(12,57,0),(12,67,0),(13,16,0),(15,71,1),(17,73,0),(17,92,1),(19,100,0),(21,15,1),(22,66,0),(23,85,1),(24,1,0),(25,14,0),(25,72,1),(25,95,0),(26,87,0),(26,92,0),(27,100,1),(28,8,0),(29,77,0),(30,8,1),(30,96,1),(31,58,1),(31,70,1),(31,80,0),(32,42,1),(34,91,1),(37,83,0),(40,29,0),(41,28,1),(41,43,0),(41,52,1),(43,48,0),(44,26,0),(45,8,0),(46,84,0),(48,52,1),(53,20,1),(55,7,0),(55,97,1),(56,63,0),(57,24,0),(58,65,0),(61,38,0),(61,79,0),(62,14,1),(63,83,1),(65,24,1),(65,39,1),(65,71,1),(70,35,1),(71,92,0),(72,8,1),(72,30,1),(74,9,1),(74,32,1),(74,47,0),(75,28,0),(75,93,1),(76,59,0),(77,58,1),(78,21,0),(78,78,1),(79,84,0),(80,82,1),(82,39,1),(83,29,1),(83,32,1),(83,37,1),(84,9,1),(84,62,1),(86,1,0),(86,90,1),(89,62,1),(90,29,1),(90,70,1),(91,24,0),(91,50,1),(91,54,0),(92,43,1),(92,53,1),(92,67,1),(93,3,1),(94,22,1),(94,48,1),(95,18,0),(95,34,0),(97,36,1),(97,73,1),(97,87,1),(99,37,1),(100,65,0),(100,72,1);
/*!40000 ALTER TABLE `friend_requests` ENABLE KEYS */;
UNLOCK TABLES;

--
-- Table structure for table `media`
--

DROP TABLE IF EXISTS `media`;
/*!40101 SET @saved_cs_client     = @@character_set_client */;
/*!40101 SET character_set_client = utf8 */;
CREATE TABLE `media` (
  `id` bigint(20) unsigned NOT NULL AUTO_INCREMENT,
  `user_id` bigint(20) unsigned NOT NULL,
  `media_types_id` int(10) unsigned NOT NULL,
  `file_name` varchar(245) DEFAULT NULL COMMENT '/files/folder/img.png',
  `file_size` bigint(20) DEFAULT NULL,
  `created_at` datetime NOT NULL DEFAULT current_timestamp(),
  PRIMARY KEY (`id`),
  KEY `fk_media_users_idx` (`user_id`),
  KEY `fk_media_media_types` (`media_types_id`),
  CONSTRAINT `fk_media_media_types` FOREIGN KEY (`media_types_id`) REFERENCES `media_types` (`id`),
  CONSTRAINT `fk_media_users` FOREIGN KEY (`user_id`) REFERENCES `users` (`id`)
) ENGINE=InnoDB AUTO_INCREMENT=101 DEFAULT CHARSET=utf8mb4 COLLATE=utf8mb4_unicode_ci;
/*!40101 SET character_set_client = @saved_cs_client */;

--
-- Dumping data for table `media`
--

LOCK TABLES `media` WRITE;
/*!40000 ALTER TABLE `media` DISABLE KEYS */;
INSERT INTO `media` VALUES (1,1,1,'velit',564385,'2019-01-19 12:50:07'),(2,2,2,'voluptatem',9734447,'1984-01-23 08:51:53'),(3,3,3,'eligendi',928729,'1994-06-30 19:17:12'),(4,4,4,'maiores',421448,'2011-01-11 11:17:49'),(5,5,1,'ducimus',778484,'1983-11-14 05:16:57'),(6,6,2,'mollitia',8542721,'1971-07-12 14:06:44'),(7,7,3,'corporis',328232,'1976-08-21 12:37:51'),(8,8,4,'ut',3,'2002-06-04 11:00:14'),(9,9,1,'vel',49126859,'1990-04-27 06:36:54'),(10,10,2,'error',0,'1981-07-16 15:14:34'),(11,11,3,'laudantium',537,'2022-02-08 04:47:37'),(12,12,4,'quibusdam',770493,'1999-01-08 12:11:22'),(13,13,1,'dolorem',460822,'2002-03-08 19:21:49'),(14,14,2,'ut',2240058,'2003-07-23 02:07:14'),(15,15,3,'nobis',32,'1995-02-03 18:06:08'),(16,16,4,'perferendis',49,'1970-04-07 07:22:03'),(17,17,1,'impedit',959,'1977-03-15 11:49:35'),(18,18,2,'hic',1563431,'2023-02-19 04:45:48'),(19,19,3,'animi',0,'1986-11-07 22:43:21'),(20,20,4,'consequatur',806248,'1988-04-05 11:05:53'),(21,21,1,'qui',901643448,'1982-12-08 00:41:22'),(22,22,2,'esse',92568697,'2007-09-28 00:49:38'),(23,23,3,'quidem',93,'2018-02-07 13:40:26'),(24,24,4,'earum',87,'1974-11-19 19:49:32'),(25,25,1,'earum',7761195,'1979-07-26 08:38:06'),(26,26,2,'doloribus',3438,'2003-06-09 16:53:38'),(27,27,3,'itaque',305,'1987-04-08 09:55:35'),(28,28,4,'autem',6,'2002-08-21 00:21:13'),(29,29,1,'ad',416489277,'2000-05-30 08:35:39'),(30,30,2,'totam',413,'1990-06-20 17:51:17'),(31,31,3,'ut',4001,'1978-03-29 18:59:27'),(32,32,4,'aut',94,'1989-04-11 04:38:01'),(33,33,1,'dignissimos',38420028,'2001-06-27 16:28:26'),(34,34,2,'vel',4,'2006-11-15 13:31:46'),(35,35,3,'mollitia',33,'1999-11-12 13:19:42'),(36,36,4,'saepe',6,'2014-10-11 22:07:59'),(37,37,1,'ut',11,'2021-12-24 12:22:00'),(38,38,2,'aspernatur',9472075,'1982-07-26 04:45:49'),(39,39,3,'eveniet',336778057,'1980-05-05 02:58:21'),(40,40,4,'corrupti',462,'2003-08-09 08:18:42'),(41,41,1,'cumque',46640,'2005-05-03 22:01:22'),(42,42,2,'necessitatibus',6974969,'1973-05-28 10:57:14'),(43,43,3,'magnam',9806,'1990-02-16 23:50:40'),(44,44,4,'aut',2,'1983-09-08 00:26:26'),(45,45,1,'est',7,'2020-12-14 04:36:36'),(46,46,2,'aut',0,'1983-09-05 19:24:04'),(47,47,3,'quia',54454,'1977-03-06 22:08:44'),(48,48,4,'perspiciatis',277606428,'1971-09-07 21:17:17'),(49,49,1,'quidem',5464,'2000-01-06 18:32:17'),(50,50,2,'distinctio',36,'2002-11-11 18:12:28'),(51,51,3,'blanditiis',0,'1993-01-09 12:27:01'),(52,52,4,'natus',294,'1973-11-29 13:49:11'),(53,53,1,'et',508801,'1977-02-14 23:13:59'),(54,54,2,'aut',19046,'1983-10-04 14:38:22'),(55,55,3,'animi',759241,'1970-11-29 07:44:24'),(56,56,4,'dolores',38362805,'2013-01-07 07:55:43'),(57,57,1,'quasi',3,'1994-03-27 22:18:23'),(58,58,2,'vel',0,'2002-02-23 16:03:44'),(59,59,3,'et',24831065,'1970-11-18 18:23:22'),(60,60,4,'dolorem',4067,'2010-07-06 03:13:15'),(61,61,1,'voluptates',954407,'2005-01-23 17:50:45'),(62,62,2,'voluptate',661194343,'1985-02-09 14:29:02'),(63,63,3,'ut',9640,'1985-06-10 06:37:44'),(64,64,4,'nisi',888153071,'1991-03-31 03:25:58'),(65,65,1,'voluptas',49,'1993-08-22 05:50:56'),(66,66,2,'tempore',1,'2000-11-25 17:11:11'),(67,67,3,'asperiores',0,'2022-05-25 21:35:57'),(68,68,4,'in',7,'2000-01-13 19:39:27'),(69,69,1,'expedita',0,'2009-02-03 10:25:17'),(70,70,2,'rerum',43003,'2007-03-02 00:26:56'),(71,71,3,'illo',55,'1982-04-23 23:40:26'),(72,72,4,'natus',890142793,'1970-07-30 18:41:03'),(73,73,1,'et',416402090,'1988-09-11 23:52:25'),(74,74,2,'nulla',885893,'1993-08-29 08:47:23'),(75,75,3,'nihil',2715242,'2009-08-17 17:11:48'),(76,76,4,'rerum',79,'2016-01-28 20:55:20'),(77,77,1,'omnis',49960290,'1991-09-29 23:24:01'),(78,78,2,'quae',3,'1984-10-18 09:01:37'),(79,79,3,'et',84840,'1974-02-08 18:03:19'),(80,80,4,'voluptas',3755011,'1973-10-29 09:59:33'),(81,81,1,'tempore',0,'1974-05-21 11:51:40'),(82,82,2,'ipsa',956361,'1979-03-13 23:13:07'),(83,83,3,'est',0,'1977-06-03 01:02:56'),(84,84,4,'voluptas',51989625,'2016-11-03 05:01:46'),(85,85,1,'non',5818451,'2008-08-03 22:33:39'),(86,86,2,'explicabo',651,'1975-08-28 03:15:30'),(87,87,3,'non',91774,'2013-09-10 16:59:31'),(88,88,4,'quos',7003147,'1986-10-28 09:58:50'),(89,89,1,'consequuntur',23776,'2004-12-07 08:02:40'),(90,90,2,'autem',288,'2013-10-06 08:23:20'),(91,91,3,'pariatur',2425176,'1981-12-04 09:10:37'),(92,92,4,'quasi',0,'1970-12-06 01:27:53'),(93,93,1,'at',598877,'1975-09-24 19:59:33'),(94,94,2,'fugiat',3,'2015-02-28 20:00:08'),(95,95,3,'provident',3818949,'1971-01-24 17:33:29'),(96,96,4,'illo',9871,'1993-08-19 00:11:45'),(97,97,1,'soluta',537692,'1993-12-14 16:36:49'),(98,98,2,'eligendi',0,'1998-11-11 15:54:23'),(99,99,3,'totam',0,'1980-08-09 10:03:56'),(100,100,4,'eum',90256684,'1974-09-27 22:43:53');
/*!40000 ALTER TABLE `media` ENABLE KEYS */;
UNLOCK TABLES;

--
-- Table structure for table `media_types`
--

DROP TABLE IF EXISTS `media_types`;
/*!40101 SET @saved_cs_client     = @@character_set_client */;
/*!40101 SET character_set_client = utf8 */;
CREATE TABLE `media_types` (
  `id` int(10) unsigned NOT NULL AUTO_INCREMENT,
  `name` varchar(45) NOT NULL,
  PRIMARY KEY (`id`),
  UNIQUE KEY `name` (`name`)
) ENGINE=InnoDB AUTO_INCREMENT=5 DEFAULT CHARSET=utf8mb4 COLLATE=utf8mb4_unicode_ci;
/*!40101 SET character_set_client = @saved_cs_client */;

--
-- Dumping data for table `media_types`
--

LOCK TABLES `media_types` WRITE;
/*!40000 ALTER TABLE `media_types` DISABLE KEYS */;
INSERT INTO `media_types` VALUES (1,'accusantium'),(3,'cumque'),(4,'esse'),(2,'ipsam');
/*!40000 ALTER TABLE `media_types` ENABLE KEYS */;
UNLOCK TABLES;

--
-- Table structure for table `messages`
--

DROP TABLE IF EXISTS `messages`;
/*!40101 SET @saved_cs_client     = @@character_set_client */;
/*!40101 SET character_set_client = utf8 */;
CREATE TABLE `messages` (
  `id` bigint(20) unsigned NOT NULL AUTO_INCREMENT,
  `from_user_id` bigint(20) unsigned NOT NULL,
  `to_user_id` bigint(20) unsigned NOT NULL,
  `txt` text NOT NULL,
  `is_delivered` tinyint(1) DEFAULT 0,
  `created_at` datetime NOT NULL DEFAULT current_timestamp(),
  `update_at` datetime DEFAULT NULL ON UPDATE current_timestamp(),
  PRIMARY KEY (`id`),
  KEY `fk_messages_from_user_idx` (`from_user_id`),
  KEY `fk_messages_to_user_idx` (`to_user_id`),
  CONSTRAINT `fk_messages_users_1` FOREIGN KEY (`from_user_id`) REFERENCES `users` (`id`),
  CONSTRAINT `fk_messages_users_2` FOREIGN KEY (`to_user_id`) REFERENCES `users` (`id`)
) ENGINE=InnoDB AUTO_INCREMENT=301 DEFAULT CHARSET=utf8mb4 COLLATE=utf8mb4_unicode_ci;
/*!40101 SET character_set_client = @saved_cs_client */;

--
-- Dumping data for table `messages`
--

LOCK TABLES `messages` WRITE;
/*!40000 ALTER TABLE `messages` DISABLE KEYS */;
INSERT INTO `messages` VALUES (1,97,47,'Maiores omnis repudiandae nesciunt tempore fugiat sed provident. Perspiciatis odit fuga et magni sapiente voluptas quidem fugiat. Ea autem sit doloribus rerum.',1,'1980-06-27 12:29:32','2015-07-20 08:47:14'),(2,74,69,'Eos laboriosam numquam soluta cumque. Neque qui tempora aut. Animi aliquam est nesciunt vitae molestiae labore aut rerum.',0,'1983-05-26 11:00:29','1994-12-30 22:55:10'),(3,85,24,'Incidunt sint harum similique accusamus placeat tempora. Et voluptatem mollitia quasi officia quo eum.',1,'2001-08-11 09:55:37','1981-11-10 10:04:27'),(4,53,34,'Repudiandae est minima accusantium omnis deserunt nam ipsa. In molestiae sed sit rerum. Nemo mollitia itaque quos sed ea sapiente.',0,'1983-12-15 04:20:11','1987-12-29 02:10:05'),(5,69,42,'Et ad odit ipsa aut voluptatem. Quo consequatur porro voluptatem aliquam illo. Debitis dicta nemo ad dolore ducimus omnis a et. Ipsam in temporibus veniam enim. Eveniet alias quo nulla cumque.',0,'1993-06-29 20:17:11','2012-03-28 10:59:51'),(6,22,75,'Minima sint dolor recusandae quas alias. Natus omnis molestias ut laboriosam distinctio eligendi.',0,'1985-05-27 01:55:53','1980-01-16 21:10:47'),(7,41,42,'Totam neque dicta vitae enim. Dolorum quasi natus sint qui aut odit. Iusto consequatur asperiores architecto perferendis quia.',0,'1985-07-10 00:05:51','2003-10-31 12:42:43'),(8,35,80,'Natus porro culpa consequuntur dolores est modi sequi facilis. Minus omnis et error dolorem sint voluptas. Ducimus vero atque nihil omnis beatae quod.',0,'1971-02-08 04:42:48','1997-03-30 03:16:57'),(9,10,23,'Reprehenderit molestiae veniam voluptas nihil ducimus numquam quo. Ut ut sint et et facilis quaerat.',1,'2015-07-29 21:54:00','1970-02-22 22:07:10'),(10,28,30,'Asperiores fuga et hic qui non optio. Dolorem exercitationem illum beatae minus. Dolore qui placeat ab modi odit. Repellat similique sit voluptatibus molestias eveniet illum omnis nihil.',0,'1972-03-08 09:33:02','1984-11-11 02:36:26'),(11,98,83,'Soluta fugit repellat sed vero quaerat itaque voluptatem. Molestiae cupiditate animi beatae enim aspernatur voluptatem.',1,'1992-12-05 04:10:26','1991-06-08 02:20:27'),(12,68,88,'Alias fugiat ea aut tenetur et non culpa. Hic soluta sed saepe veritatis velit provident quam.',0,'1999-07-14 19:45:29','2000-06-22 08:53:07'),(13,36,66,'Veniam cumque sapiente sed. Quidem voluptatem neque impedit modi. Perspiciatis sed nobis corrupti id eius qui impedit voluptate.',0,'2018-07-21 12:50:23','1986-04-21 18:11:50'),(14,13,75,'Sunt id deserunt et ut veniam provident consequatur. Quidem quia ut iste esse. Tempora magni magnam aut perspiciatis aut nihil aliquam ducimus.',1,'2019-10-13 19:26:10','1991-12-30 00:21:13'),(15,73,13,'Ratione labore est est sit. Sequi nesciunt ut et fugiat. Nesciunt necessitatibus exercitationem aspernatur quia.',1,'1975-05-07 12:14:37','2004-02-14 06:43:25'),(16,56,11,'Labore porro voluptates cupiditate et quo quia rerum. Explicabo tempore sequi natus amet. Quis doloribus et sequi.',0,'2019-05-31 15:10:02','2018-07-27 07:18:27'),(17,36,80,'Assumenda quidem sequi consequatur officiis iusto eveniet aut. Sunt cumque consectetur ad aut dolores aliquam.',0,'1992-12-15 15:58:06','1980-01-11 21:52:21'),(18,54,83,'Architecto consectetur eos voluptates. Deleniti est totam cupiditate eos odit voluptatem. Dolor adipisci voluptas qui ab sit. Ut sed eaque molestias est explicabo est architecto.',0,'1999-12-19 09:46:13','2004-09-22 15:23:23'),(19,51,59,'Rerum id nesciunt ab nisi. Ratione eveniet ut nesciunt quisquam deleniti. Iusto architecto placeat et non voluptatum. Minus explicabo aperiam iusto mollitia ipsum.',0,'1999-07-07 01:09:09','1999-02-09 09:53:55'),(20,4,81,'Quae iste rerum suscipit aut omnis. Velit et enim voluptate rerum praesentium quis eos. Neque sit neque maxime rem. Vero omnis sed rem perferendis neque autem autem et.',0,'1978-08-10 22:04:55','2019-10-28 23:45:42'),(21,64,23,'Et tempora et qui distinctio. Et aut expedita doloribus. Architecto numquam at distinctio recusandae non repudiandae. Perspiciatis voluptatum ad voluptatum est eius dolorem qui ut.',0,'2014-11-07 09:48:48','1988-01-23 14:52:02'),(22,67,24,'Sed quae voluptatem quisquam repellat assumenda deserunt voluptatibus. Quia et sed consequatur qui.',0,'1977-10-28 19:25:19','2021-10-04 17:22:17'),(23,94,40,'Aspernatur aut cumque reprehenderit ratione sunt optio perferendis. Quae hic ullam repellat rerum magni nostrum eius.',0,'2013-08-22 00:45:42','1971-12-07 02:49:06'),(24,58,51,'Voluptates est ea animi esse fuga. Alias praesentium ab sit nostrum quia.\nSunt facilis esse quis libero at. Iste quia et ratione est ipsum. Accusamus magni sapiente consequatur ab ea.',1,'2015-12-10 13:00:48','1982-10-11 12:22:21'),(25,82,2,'Porro aut at explicabo est. Veniam molestiae et nostrum eligendi qui. Necessitatibus reiciendis rem non consequatur est repellat sed fugiat. Aliquam occaecati vitae et voluptatem et.',0,'2021-12-07 11:03:27','1974-08-17 08:15:48'),(26,58,81,'Assumenda rem asperiores incidunt id. Officiis est pariatur quisquam sit.',0,'1971-04-14 16:49:26','2021-04-18 19:45:37'),(27,32,51,'Animi saepe aspernatur aut minus sunt temporibus sed. Nesciunt nisi non magni unde pariatur.',1,'1995-01-16 21:10:33','2018-03-13 05:58:54'),(28,68,72,'Aut repudiandae dolore sint vitae officia est voluptatem. Aut vel sed dolorum officia dignissimos consequatur suscipit molestias. Sed nostrum porro et doloribus voluptatem impedit.',1,'2010-01-03 15:33:33','2017-02-22 19:34:28'),(29,48,72,'Molestiae voluptatem ut voluptas aut aliquid voluptas eaque. Velit tenetur saepe et aspernatur quo. Earum non tempora laudantium qui. Voluptas nam porro accusantium odio est placeat.',1,'1971-07-23 19:26:30','2004-03-29 08:27:31'),(30,64,15,'Aut provident est in alias exercitationem nihil dolores. In quia quas saepe. Maiores adipisci nihil doloremque molestias in eum. Et autem cumque nihil dolor sit veritatis.',1,'1994-08-04 15:52:08','2018-10-31 05:35:55'),(31,77,85,'Totam et incidunt dignissimos voluptatem culpa accusamus. Voluptatum qui ad tempora et temporibus illo qui. Illum dignissimos repudiandae harum dolor non et.',0,'1971-11-07 20:48:31','1981-02-05 22:57:02'),(32,68,51,'Aut ad rem aut explicabo voluptates. Voluptas voluptatem quia ab sunt sed voluptas. Et sit inventore qui nisi excepturi vitae. Expedita saepe in iure ut necessitatibus officiis saepe.',0,'2000-08-19 07:26:35','2017-12-26 11:16:06'),(33,7,91,'Modi hic dolores nobis voluptatem et eius dolor. Et tempore et dolorem assumenda maxime distinctio quis. Pariatur quos cumque nulla qui. Dolorem consequatur itaque animi id nam.',0,'2010-12-23 04:47:19','1981-12-27 20:58:04'),(34,36,38,'Placeat laborum quisquam veniam sunt dolores qui ut. Aut et qui earum saepe voluptatem a consequatur. Doloremque eligendi id rerum. Placeat a eos atque voluptas sunt aut voluptas.',1,'2019-01-15 09:30:34','2007-03-29 09:57:04'),(35,22,26,'Tenetur eligendi magnam sequi voluptatibus. Animi aliquid et omnis quas. Dolore pariatur sit amet quo nam commodi. Animi rerum voluptatem temporibus doloremque omnis optio quod.',1,'1987-06-17 02:34:03','1987-05-16 17:35:10'),(36,37,70,'Porro quidem assumenda dicta velit et in ratione. Maiores impedit consequatur commodi veniam sint pariatur. Et enim aut illum ea commodi dignissimos. Ut omnis explicabo velit vel dolores.',1,'1985-11-25 23:44:27','2021-05-19 01:36:00'),(37,46,74,'Voluptatem quidem unde debitis incidunt incidunt incidunt consequatur. Est eum facilis iure. Sint autem quibusdam et et.',1,'1998-01-12 15:12:53','2003-09-04 20:08:18'),(38,61,35,'Dolore qui sapiente quae rerum velit vel. Aut tempore hic et et reprehenderit totam. Blanditiis praesentium repudiandae omnis velit consequuntur. Impedit ea illum ad fuga similique quibusdam.',0,'2004-01-28 13:09:45','2014-04-22 21:46:09'),(39,94,49,'Quia dolores rerum ullam exercitationem eum. Et labore officiis consectetur voluptas voluptatem voluptatem. Quo iusto vel dolor voluptatem ut dolorem voluptatem.',1,'2009-05-07 22:53:14','1974-11-22 19:37:01'),(40,89,40,'Voluptates sed aut facilis. Enim aut pariatur quia labore facilis. Aliquid consequatur veritatis quia sint consequatur. Nulla quidem itaque aut fugit officiis eos reiciendis in.',0,'2006-11-25 06:50:40','2014-01-05 21:22:18'),(41,37,2,'Vel molestias laborum rerum aut ut officiis. Et omnis illum exercitationem molestiae rerum. Est impedit quasi consectetur occaecati. Et consectetur esse qui animi quas magnam culpa.',0,'2011-01-02 06:16:00','2021-06-14 03:19:29'),(42,12,55,'Vel modi tenetur amet quo non sed. Voluptas repudiandae et magni omnis quia officia voluptatem. Libero fugit praesentium labore dolorum ut.',1,'1980-10-31 17:29:38','2002-03-08 19:50:42'),(43,46,48,'Quisquam sequi ratione hic reiciendis et. Accusantium cum natus quasi id. Est eaque ullam corrupti beatae.',1,'2004-11-10 08:30:22','1971-01-31 06:15:05'),(44,17,94,'Reiciendis et magnam quo non porro. In iusto id est facere. Perspiciatis et nulla quia necessitatibus enim iure harum.',0,'1972-07-29 14:43:37','1988-08-13 05:11:40'),(45,64,22,'Veniam et minus consequatur quia id. Quis minima ut esse. Ullam ut iusto rerum est corporis sint nemo. Nihil ab eos optio vel dolor minus praesentium. Accusantium nihil ipsa inventore.',0,'1977-05-01 23:53:27','1977-06-05 00:07:20'),(46,18,32,'Nihil libero et vel voluptatem sint nemo. Totam similique nemo culpa ut. Est excepturi neque expedita voluptatem iusto perferendis. Eius sint vero incidunt amet quia.',0,'2009-11-08 18:14:11','1992-07-22 02:54:01'),(47,13,19,'Eveniet impedit cupiditate quam veniam. Odio iste quaerat quidem. Dolor excepturi asperiores qui pariatur natus libero. Animi quo aut sunt vero ab dolorem occaecati.',1,'2001-07-01 11:14:11','2023-04-30 19:03:04'),(48,12,59,'Aut ex nemo id impedit eos quibusdam. Consequatur reiciendis reiciendis soluta accusantium aut quasi. Neque animi aut amet est. Magnam vel id odit illo illo et.',0,'2010-10-11 01:58:31','1981-10-22 18:23:43'),(49,22,33,'Nisi natus nemo autem quidem dicta esse nemo iste. Voluptatem totam sit quia quis dolorem veritatis veritatis. Quia sequi est nihil corporis cupiditate.',1,'2003-09-29 13:54:11','2015-07-09 23:38:49'),(50,91,40,'Qui quam sit enim assumenda delectus enim. Reprehenderit recusandae molestias aut nihil. Aspernatur quibusdam dolorem sit explicabo debitis error.',1,'1980-03-30 04:40:12','2007-10-13 01:43:33'),(51,62,92,'Aut mollitia et a aut pariatur. Illo quis enim tempora facilis voluptas aspernatur. Explicabo aut veritatis qui maiores dolorum natus reprehenderit. Ducimus vitae quos nisi deserunt et est molestias.',0,'1974-01-04 18:06:08','1985-01-28 08:11:21'),(52,9,52,'Ipsum dicta culpa corporis exercitationem corporis. Laborum neque aut error sit. Et est expedita dicta magni.',1,'2013-09-13 22:32:32','1978-07-09 13:23:31'),(53,36,30,'Qui exercitationem autem voluptatem eum. Ea accusamus omnis deserunt. Et tempore voluptatum iusto voluptatem iusto.',0,'2011-10-27 02:49:04','2007-04-14 00:38:28'),(54,2,80,'Praesentium consequuntur qui magni sed dolor ut sint ut. Aut corporis ut rerum.',1,'1999-02-23 20:21:53','2000-03-03 05:29:51'),(55,75,15,'Eos nobis sed alias explicabo. Corrupti iure at nobis. Consequuntur velit autem quo voluptatem odio voluptates itaque. Dolorem reprehenderit alias magnam omnis et accusantium.',1,'1999-06-10 15:49:00','1988-04-16 06:33:02'),(56,21,54,'Delectus debitis velit qui neque. Ab natus numquam magnam et. Molestiae sunt magnam accusantium vero qui facere.',0,'2004-03-31 03:43:43','1976-07-28 00:33:13'),(57,36,88,'Consectetur expedita eligendi quam et totam. Cumque nam recusandae aspernatur nihil corporis inventore laborum. Voluptas recusandae illum eligendi odit. Numquam vel vitae vel minus quos.',1,'1992-08-19 17:16:04','2012-03-28 22:41:19'),(58,18,31,'Eveniet eum aut aut magnam voluptas maxime. Explicabo porro ea perferendis sapiente sint eius. Odio inventore aliquid vel minus velit. Sit maxime quo optio voluptas sed voluptas recusandae vitae.',1,'1986-11-03 20:52:48','1997-04-28 01:19:23'),(59,3,5,'Molestiae deserunt laborum ea dolorum rerum consectetur et. Aut unde corporis velit similique magnam quisquam molestiae aut.',1,'2000-02-01 14:20:45','2006-08-19 01:19:11'),(60,80,57,'Temporibus quia error saepe commodi ut sunt. Dolorum voluptatem repellat architecto amet eveniet. Non aut voluptatum qui sunt. Sed quo ex sunt animi voluptas iste veniam.',0,'1997-06-12 20:39:30','2016-11-08 15:16:39'),(61,24,53,'Et id neque neque iusto repellendus laudantium illo. Labore quo nobis quasi cum eos velit. Beatae repudiandae repellat sit exercitationem. Architecto assumenda ab ut molestiae commodi.',0,'1983-06-14 22:54:54','2017-09-20 21:45:43'),(62,3,36,'Ea odit voluptas doloremque libero. Ut eius odio quis eligendi laudantium adipisci. Quibusdam qui incidunt rem possimus molestias voluptatem minima.',1,'2020-03-04 16:16:40','1996-11-27 01:50:47'),(63,88,4,'Laudantium earum eveniet qui vel non qui doloribus. Voluptas sit dolorem aut autem qui facilis sit. Eius esse optio molestiae quae aliquam. Optio minima ullam illum recusandae sequi sit quae.',0,'2016-03-01 10:24:32','2010-09-25 17:30:56'),(64,26,51,'Eius voluptates consequatur modi quas. Facilis optio et odio culpa. Quasi commodi maiores saepe iusto. Ab nihil ut amet nihil non modi autem. Reprehenderit possimus aperiam et labore qui.',1,'2019-06-05 11:53:25','1980-06-06 10:09:32'),(65,100,81,'Qui dolor sequi fugiat iste numquam veritatis. Quia architecto aut ex ratione. Occaecati harum placeat et deleniti ullam.',0,'1996-02-11 07:08:41','1988-07-21 23:14:37'),(66,68,7,'Illum consequatur et dicta soluta et. Ut ut sunt maxime impedit inventore est qui. Rem autem rerum et ut fuga aliquam.',1,'1995-02-12 19:14:12','1990-03-31 00:54:55'),(67,38,100,'Repellat exercitationem et qui rerum voluptatum. Deleniti nemo est est dolor a dicta.',1,'2006-05-29 11:11:14','1979-06-16 01:17:01'),(68,16,95,'Et quas repudiandae et accusamus debitis in. Eos numquam ea magnam repellat aut perspiciatis est et. Aut dolor itaque officia corporis accusamus repellendus praesentium. Et atque fugiat aut.',0,'1975-01-17 04:18:48','1997-11-14 15:09:21'),(69,13,33,'Reiciendis pariatur velit aspernatur. Non mollitia qui quia et. Quas blanditiis in ea eveniet.',0,'2002-03-01 05:42:19','1989-08-10 18:04:35'),(70,27,37,'Itaque est dolores rem in vel excepturi. Aut quod laudantium quo tenetur. Quasi est et alias inventore voluptas et laudantium vel. Voluptatem eius sed rem ea repudiandae provident at.',0,'2005-04-18 09:31:45','2015-07-05 07:43:58'),(71,28,36,'Animi quas est modi quia. Illo eos non tenetur est possimus et et natus.',0,'1991-06-06 02:47:59','1995-07-05 21:25:02'),(72,13,16,'Aut rerum recusandae cumque. Doloribus amet et vel sed. Iste debitis odio eius tempore. Et harum et provident aspernatur et. Occaecati ab tempore et totam quam.',0,'2000-07-12 13:17:36','1989-03-21 23:07:02'),(73,89,18,'Voluptate dolorem voluptatem non. Deleniti modi placeat quia tempore. In aperiam illo nesciunt aut ullam dolore. Est magnam ut ut tempora minus cupiditate accusantium distinctio.',1,'2007-05-11 16:24:33','1979-06-06 16:27:55'),(74,60,7,'Ut amet saepe mollitia blanditiis. Error laboriosam fuga exercitationem excepturi. Voluptatem est eum sit reiciendis. Omnis voluptatem odit et.',1,'1999-11-06 17:02:39','1975-02-28 22:51:13'),(75,61,35,'Enim atque vel qui et voluptas possimus. Qui dolorem autem ut eligendi dolorem qui. Possimus est laborum accusamus aut voluptate harum tenetur. Eum voluptas aperiam iure deserunt eius eaque.',1,'1973-06-26 09:58:51','2004-11-05 14:05:36'),(76,51,85,'Dicta est minima nisi et veritatis. Repellat in qui sit qui. Laudantium incidunt consectetur est voluptas numquam modi exercitationem. Et distinctio rerum enim ut exercitationem libero rerum veniam.',1,'2022-06-28 01:29:13','2020-01-05 01:36:18'),(77,31,94,'Voluptas ut officiis temporibus animi. Officiis est neque repellat facilis debitis inventore. Mollitia numquam explicabo dolores doloremque.',1,'1993-07-12 18:30:39','1985-12-25 19:51:49'),(78,39,12,'Itaque suscipit fuga nesciunt eos. Voluptas sapiente et distinctio nulla. Autem placeat porro et et iure. Impedit rerum quia debitis architecto commodi ut.',1,'2010-05-03 09:39:05','1987-05-12 18:39:23'),(79,90,58,'Voluptatem eum eos velit. Aut cumque et rerum. Fugiat vel voluptatem eos aut.\nQuis et quam et et. Velit officia laudantium porro quia non sed. Et quaerat nesciunt numquam reiciendis eos.',1,'1983-02-26 08:49:33','1975-03-23 21:22:19'),(80,47,55,'Voluptas non numquam consequatur neque sit. Sed aut aut eligendi qui dolor praesentium praesentium. Beatae et eaque laborum optio maiores cupiditate optio.',1,'2021-11-25 06:50:02','1970-06-05 23:33:10'),(81,10,73,'Dolores occaecati laborum nesciunt distinctio non voluptatibus eius consequatur. Illum quia pariatur fuga molestiae repellendus. Doloremque dolorem cum eos veniam.',0,'1983-07-10 13:59:59','1996-06-19 21:31:38'),(82,39,32,'Quae atque ut iure aut. Optio eos sint reprehenderit rerum maiores qui omnis. Est necessitatibus accusantium sunt nesciunt dolorem autem.',1,'1989-08-24 04:52:31','2014-03-06 16:33:08'),(83,84,4,'Quisquam suscipit explicabo quaerat. Rerum aut quod ipsum eveniet. Fugit quisquam libero reprehenderit sit magni voluptas dolores maiores.',0,'1984-07-18 02:16:07','1978-05-21 20:20:38'),(84,95,28,'Nesciunt delectus voluptas quo cumque consequatur perferendis nostrum. Nulla ut mollitia sed optio. Soluta ipsa laboriosam est non quis molestiae modi. Asperiores temporibus doloremque asperiores et.',1,'2011-03-01 07:43:52','1993-11-20 09:55:35'),(85,64,90,'Architecto autem ratione voluptates sed ad. Corporis tenetur enim ut eos porro sint.',1,'2002-12-22 18:52:43','1996-12-10 18:31:59'),(86,88,52,'Modi voluptatibus reprehenderit in et. Aut rem itaque et minus nihil accusantium. Quia tenetur ad neque velit rerum enim quo tempore. Et mollitia quisquam doloribus perferendis et tenetur.',0,'1982-03-08 04:33:03','1987-02-16 22:10:33'),(87,47,69,'Aliquid recusandae sapiente et necessitatibus qui. Perferendis reprehenderit impedit sapiente nostrum. Sequi deserunt quia aut quae quo enim non.',0,'2010-07-21 22:13:40','2015-09-13 03:29:36'),(88,59,70,'Sit incidunt quidem ratione impedit tenetur nostrum repellendus. Sit ab nostrum illum voluptas ipsa quod.',1,'1984-03-13 05:27:39','2001-03-30 06:27:45'),(89,48,48,'Quod hic sapiente dolores. Libero unde velit porro. Est dicta sed fugiat et velit. Enim omnis distinctio sit necessitatibus quis hic sit.',0,'2006-11-22 08:24:46','1982-02-10 03:14:54'),(90,93,61,'Sit repellendus enim autem quaerat veniam. Quod et harum tenetur excepturi. Aut voluptas qui illum impedit.',1,'1992-01-13 04:42:01','1986-05-20 17:31:37'),(91,62,99,'Molestiae amet fugit illum omnis. Explicabo labore est sit nihil libero aut. Ut autem itaque recusandae modi voluptas.',0,'1990-04-09 00:56:29','1999-03-28 21:22:44'),(92,31,30,'Sit assumenda magni molestiae aliquid. Provident odit eos debitis velit. Voluptatem eligendi est sed rerum perspiciatis.',0,'2012-11-03 22:09:14','2005-09-21 11:42:14'),(93,89,86,'Doloribus consequatur pariatur tempore laboriosam. Ex libero sunt fuga itaque incidunt voluptates est rem. Ad recusandae repellendus consequatur suscipit quis odit.',1,'2007-02-21 22:37:14','1972-07-23 09:26:00'),(94,86,23,'Illum magni tenetur nesciunt eveniet delectus qui. Praesentium consectetur quia nam architecto ut est quasi. Quisquam voluptate modi aut. Sit sint ratione illum molestiae consequuntur est quos.',0,'1974-11-22 12:54:30','1997-05-19 18:05:24'),(95,95,27,'Quas sit doloribus magni rerum. Vitae nobis ratione sit aspernatur incidunt animi eos aliquam. Ullam est corporis facilis enim excepturi quaerat.',0,'1977-08-08 02:32:09','2003-03-26 07:54:13'),(96,80,32,'Iusto enim excepturi labore qui autem. Illo et a rerum sed aut. Mollitia perferendis molestiae illo quidem.',0,'1972-02-20 15:33:38','2023-01-03 02:59:57'),(97,26,51,'Dolore earum nesciunt sit. Quibusdam odit est harum qui. Molestias sed officiis ipsam.',1,'2020-07-02 12:48:51','2014-09-08 23:57:27'),(98,61,56,'Rem assumenda autem animi odio ut qui nobis dolor. Consequuntur provident vel nobis sed iusto debitis. Nobis quo officiis non.',1,'1970-07-30 13:07:22','1993-06-18 22:04:46'),(99,23,27,'Provident nesciunt quasi dicta sit omnis. Et id alias consectetur veritatis et aliquid. Aut sequi ipsam est ea fugit repellat odit. Molestias incidunt qui omnis et voluptatibus placeat.',0,'2019-06-27 09:50:30','2005-04-17 11:49:01'),(100,90,14,'Praesentium quia ut eaque consequatur. Aut et enim nesciunt a voluptatum. Blanditiis impedit aut nulla modi qui minima. Iste tenetur dignissimos consequatur a asperiores deserunt ut vel.',0,'1979-04-01 14:23:15','1979-02-08 11:21:55'),(101,35,72,'Laboriosam architecto praesentium sunt dolor quaerat eveniet est. Iure veritatis quia non aut voluptatem ipsa impedit. Tempora tempora eius molestiae recusandae cum totam ut est.',1,'2010-05-26 16:36:08','1990-07-13 21:03:11'),(102,93,58,'Quae officiis ducimus sed explicabo. Necessitatibus assumenda illum nobis esse eveniet alias harum exercitationem. Qui provident voluptatem et aspernatur.',0,'2006-12-12 17:12:34','2006-01-17 15:43:44'),(103,99,66,'Sunt natus vel in ut aspernatur sint at labore. Enim aut molestias libero nostrum consequuntur dolore. Odit deleniti eos aut et. Occaecati consequatur harum est voluptatem ut est.',0,'2003-09-25 02:24:23','1983-04-16 18:46:35'),(104,40,30,'Perspiciatis reprehenderit minima temporibus debitis sit. Minima tempora vero qui dolores ut culpa est. Accusantium eligendi quibusdam in eum deserunt.',0,'1980-01-06 05:34:25','1981-11-19 18:53:21'),(105,55,32,'Earum quia accusantium et repellat quisquam sequi. Sit sit ratione explicabo aperiam earum quis sit sit. Aut necessitatibus dolorum unde neque expedita tempore.',1,'1991-07-20 03:50:31','1998-07-05 17:56:37'),(106,98,77,'Non et quia quod quo. Ut ut soluta quis non. Ipsa et aspernatur quasi earum minus veritatis. Consequatur aliquam voluptate sed assumenda dolorum reiciendis necessitatibus laboriosam.',0,'2022-08-13 08:24:31','1979-12-06 04:33:15'),(107,16,65,'Aut nemo ratione sed impedit quo maxime. Reiciendis sit quibusdam nam ut voluptate nihil quia.',0,'1970-03-18 02:38:20','1971-02-26 13:29:11'),(108,86,85,'Nulla itaque nisi consequatur dolore. Est enim ullam totam enim. Et ut a porro nesciunt.',1,'2020-01-11 05:30:23','2009-11-04 07:16:34'),(109,82,62,'Et perferendis rerum alias ut accusamus recusandae. Eum consequatur dicta sed voluptates est enim fuga. Dicta soluta quia fugit molestiae. Fugit consequatur hic voluptas voluptatem ratione occaecati.',0,'2017-03-15 12:50:36','1999-08-22 22:02:30'),(110,89,93,'Ipsa praesentium assumenda cum rem. Reiciendis accusamus ab non nisi quis molestiae. Exercitationem id fugiat perspiciatis in.\nAut aliquid nemo natus minus. Facilis sint nihil voluptates illum et.',0,'2017-08-08 21:16:47','2016-03-01 10:29:10'),(111,25,28,'Hic nihil maxime ex voluptas. Iusto est quia corporis nam aliquid. Magnam non minima eum eaque repellendus velit. Molestiae omnis et ipsam dolorem perferendis.',1,'1991-04-11 14:57:37','2015-11-18 09:46:27'),(112,78,16,'Voluptatem ipsum adipisci ipsa cum. Pariatur in iste omnis id quis quae dolores. Tempora minus quia dolorum veniam. Quod qui et et vel saepe sed pariatur laudantium.',1,'1992-02-09 01:26:08','1974-08-29 19:27:20'),(113,97,98,'Blanditiis quia cumque consequatur illo et sint pariatur. Perferendis eligendi velit omnis rerum autem blanditiis. Commodi laudantium ut quasi enim dolores ut.',0,'2020-03-10 09:18:45','2002-11-20 00:48:14'),(114,42,15,'Voluptates voluptatem commodi alias libero consectetur quos provident. Error odio quidem illum officiis autem. Vitae fugiat modi sapiente.',1,'1977-01-03 00:09:49','1985-10-06 07:03:18'),(115,65,79,'Velit in velit eveniet quo nobis enim ad. Porro nesciunt mollitia sed et eligendi. Inventore non est molestiae.',0,'1995-09-11 04:46:41','1978-03-21 19:08:42'),(116,71,47,'Incidunt velit magni cumque dolor. Ipsa cum sed deleniti. Debitis repellendus aut modi nostrum odit. Iusto fugiat veritatis est itaque eius quo error.',1,'2012-09-08 20:11:24','1980-01-19 11:48:43'),(117,28,47,'Repudiandae quis numquam rerum cupiditate quo. Suscipit necessitatibus provident voluptatem soluta quidem natus. Vel non totam ipsa.',1,'2010-06-02 11:29:33','1986-12-31 09:24:39'),(118,93,9,'Assumenda voluptates sequi rerum. At aspernatur et perspiciatis ut. Sit tempora voluptas id. Vel quia reprehenderit et iste et incidunt et.',0,'1994-05-30 12:02:47','1994-02-19 13:09:19'),(119,3,64,'Qui quas earum voluptas. Numquam voluptatibus et velit sed iusto. Laboriosam enim aut repudiandae aspernatur. Dignissimos quidem sit non quae voluptatibus est quas et.',0,'2003-07-27 23:48:32','2017-10-18 17:35:17'),(120,2,77,'Est odio molestiae dolor ab tempore atque. Aliquid velit quia enim dolorem omnis officiis et harum. Voluptatem et accusantium et voluptatem eum cumque qui esse. Fugit adipisci in tempora eos earum.',1,'2021-03-18 05:04:44','2008-07-11 20:50:51'),(121,74,95,'Est et ratione voluptates earum. Voluptatibus maiores quisquam perspiciatis eum qui. Ipsum laudantium laudantium illo iusto aut dolores.',1,'1997-07-18 10:25:41','2016-01-09 14:46:55'),(122,29,24,'Voluptatem et molestias et reprehenderit sapiente. Architecto voluptatibus ut cumque veritatis. Et vitae sint inventore aut tenetur. Illo esse nesciunt et facere nisi itaque eos.',1,'1989-08-18 05:03:47','2002-01-27 01:01:06'),(123,32,42,'Eveniet repellendus possimus dolores nobis. Consequatur assumenda praesentium reiciendis perferendis. Rerum debitis hic repudiandae explicabo vitae voluptatem voluptatum.',1,'1975-07-27 16:01:15','1982-03-08 05:33:25'),(124,50,96,'Ut vero laudantium rem ut consequuntur eum laborum. Sunt nobis sequi repudiandae ea. Iure totam beatae soluta quia unde provident et qui. Quod numquam est soluta a ut eius pariatur.',0,'2002-12-24 15:22:34','1994-07-07 06:13:06'),(125,71,81,'Qui dolor optio sed et non. Possimus magnam at non velit. Corrupti veritatis sed repellendus quia.',1,'1975-05-15 08:46:22','1989-07-16 16:21:57'),(126,11,92,'Illum deleniti sed qui illum reprehenderit officia sed cumque. Ipsa maxime nihil sed quia praesentium sit. Dolor minus in sunt atque.',1,'1978-08-28 22:42:36','2009-01-25 18:05:17'),(127,33,91,'Numquam harum facilis dolorum autem tenetur sunt ut. Eum amet sed natus omnis aut ab. Tenetur ad et aut voluptas error qui quia.',0,'2019-07-18 16:51:29','2021-04-16 02:35:42'),(128,33,59,'Aliquam amet fugiat illum quisquam qui fuga quod. Odit autem magni architecto qui ut quaerat et. Nesciunt nesciunt vel iste eveniet. Qui deserunt nihil doloribus laboriosam omnis nihil.',0,'1987-06-25 19:43:37','2013-03-13 00:06:03'),(129,51,65,'Distinctio dignissimos voluptate alias voluptatibus. Et aut sunt id eum. Doloribus et cumque consequatur in vitae ad eligendi. Et quis quo exercitationem quia doloribus.',1,'1971-04-04 20:41:11','1997-10-18 11:18:06'),(130,54,67,'Commodi praesentium est ea delectus dolores aliquid. In delectus repellat saepe reiciendis. Officia eaque est commodi deserunt iste. Nemo aspernatur atque dolor.',1,'2022-06-09 23:10:06','1977-03-16 08:36:18'),(131,25,33,'Molestias amet sunt quia unde eius aut. Est accusantium sunt fugit ratione amet quidem. Cupiditate laborum aut sapiente aliquid voluptate enim et sequi. Error id ea labore aliquam occaecati.',0,'2011-04-16 23:49:14','1982-10-21 17:37:45'),(132,14,59,'Blanditiis totam deserunt corrupti provident exercitationem quae voluptate. Odio tenetur eaque soluta molestias. Aut et eligendi qui harum et animi. Quibusdam ab ab quos est sed voluptatum qui.',1,'1977-03-19 01:22:05','1974-02-08 01:16:28'),(133,58,29,'Ut culpa qui id consequatur. Modi consequatur numquam aut incidunt. Ut tempora aliquam vel. Dolores pariatur ut accusamus inventore mollitia et iure.',0,'1977-12-26 21:05:32','2010-03-01 22:43:40'),(134,78,11,'Molestias cumque numquam dicta reprehenderit atque commodi perspiciatis. Nam magni repellendus quia porro.',0,'1993-03-04 09:20:20','2021-02-12 04:51:00'),(135,57,47,'Veritatis culpa eius deserunt labore. Illo sit asperiores aspernatur totam error molestias quis. Aperiam explicabo sint eos nesciunt. In ut incidunt et molestiae ea.',1,'2021-06-10 21:33:10','1976-09-25 16:53:22'),(136,1,88,'Iste quam corrupti consequatur odio porro rerum iure. Id eligendi pariatur ex aperiam facilis veritatis dolor.',0,'1975-09-17 04:56:47','2016-12-22 22:02:37'),(137,31,33,'Voluptates impedit dolores omnis harum ex omnis. Ut nihil sunt in officiis aperiam sint. Vel quia atque ipsum quis incidunt. Nesciunt mollitia eveniet veniam deserunt est a.',0,'1977-05-05 17:56:26','1976-05-29 23:38:20'),(138,81,66,'Aperiam qui assumenda nihil enim perferendis. Maxime est vitae dolorem. Error earum deleniti ipsum facilis. Illum corrupti totam iusto qui pariatur commodi pariatur quos.',1,'2022-02-03 02:58:56','2014-09-27 20:34:29'),(139,1,89,'Eos id et at qui nostrum velit. Non reprehenderit similique ratione nemo.\nOccaecati natus tempora ut possimus vel earum. Repudiandae magnam sint hic aut aliquam in odit quis.',0,'1989-09-21 18:48:44','2008-06-01 04:46:40'),(140,80,70,'Tenetur illo totam beatae qui modi eum. Voluptas minima quia in id nam alias soluta ex. Sunt rerum quam tempora dolorem dolor asperiores amet. Amet atque est a asperiores quis dolores.',1,'1999-11-02 03:38:51','2019-04-20 12:22:33'),(141,19,38,'Quisquam ut qui quibusdam et incidunt odio. Voluptas accusantium et explicabo nam animi eos. Occaecati velit aut ipsum quo.',1,'2015-12-10 00:12:44','2002-10-08 18:53:10'),(142,21,1,'Quia quia explicabo minus consequatur. Repellendus id molestias modi corrupti qui illum et. Vitae tempore ab nemo vitae aut necessitatibus saepe. Esse rerum similique aspernatur.',0,'1985-06-20 11:00:50','1988-03-14 19:04:48'),(143,62,22,'Ut et provident voluptatum temporibus voluptas. Earum quo repellat quia illo in impedit a. Magnam ratione odit porro dolorem quam vitae. Sunt aut rerum distinctio ullam dolor.',0,'1976-12-03 03:12:10','1993-03-07 02:47:57'),(144,82,96,'Quos distinctio enim sint id. Quaerat cupiditate omnis tempore non. Accusamus iure reiciendis porro ut reiciendis perspiciatis in. Est reprehenderit inventore debitis qui consequatur suscipit.',1,'2005-02-28 19:12:57','1982-06-24 19:03:50'),(145,42,45,'Harum perspiciatis a blanditiis quia doloremque. Accusantium consequatur deleniti sit id modi in.',1,'1981-10-18 06:04:28','1990-03-17 03:49:58'),(146,73,51,'A accusamus mollitia qui. Quam facere consequatur alias magnam. Impedit sit provident quis aspernatur amet quas.',1,'1997-07-14 06:58:45','2004-07-03 16:01:31'),(147,35,53,'Quas sequi sed ea quo quis. Deleniti accusamus facilis ut quaerat aut ab. Omnis repellendus officiis voluptate aut id qui mollitia.',0,'2004-12-14 03:17:02','2003-03-25 19:32:50'),(148,50,60,'Velit cupiditate iste vitae aut ut. Culpa modi et mollitia non quasi. Voluptatum fugit voluptas voluptas quidem aut molestias delectus.',1,'1978-04-20 19:41:55','2022-03-29 09:39:13'),(149,62,65,'Nisi dicta neque voluptatem laboriosam cumque alias totam. Eos neque placeat eum magnam. Totam vitae similique sequi expedita est in sed. Officia numquam cumque laborum qui.',1,'1989-11-22 17:43:19','1979-04-14 04:28:52'),(150,17,34,'Amet consequatur eveniet rerum voluptates enim. Eos quo et vero quam voluptatibus. Quia enim suscipit repudiandae hic suscipit eligendi ut.',1,'1999-07-26 17:08:23','1995-08-19 03:03:55'),(151,91,91,'Sequi libero neque numquam amet sint suscipit. Maxime nemo ex qui optio dignissimos assumenda. Dolorum qui velit libero.',1,'2018-08-06 04:16:00','1980-09-26 07:01:32'),(152,96,50,'Velit voluptas labore dignissimos velit quos nostrum. Vel dolorem est voluptatibus quisquam saepe. Iure eum eum accusamus est. Eum sed hic consequatur vitae est ea.',1,'1991-01-03 07:48:11','1996-06-07 20:21:53'),(153,95,98,'Iste tempore doloremque assumenda ea. Eligendi saepe recusandae porro reiciendis sed reprehenderit. Ea excepturi quaerat sed voluptas. Dolores ipsa aut quia excepturi.',0,'2003-06-06 19:36:13','2011-07-20 22:19:50'),(154,32,30,'Eveniet dolores facere quia consequatur. Accusantium aperiam sunt qui deserunt eos. Non possimus autem rerum eius consequatur inventore ab.',0,'2003-01-28 12:57:50','1975-10-06 23:01:21'),(155,14,96,'Dolor aperiam sunt error maiores vel. A suscipit voluptas ipsam nemo nisi laboriosam rerum. Omnis est ea voluptate molestias animi optio repudiandae.',0,'1999-04-24 19:56:50','1980-09-21 22:25:15'),(156,93,67,'Nulla totam modi et veritatis minus alias. Reiciendis voluptates eius sed asperiores veniam quia. Consequuntur ut aspernatur ea maiores illum tempora error.',1,'1975-08-09 11:42:56','2000-11-03 04:55:17'),(157,39,4,'Eum eum blanditiis doloremque sit ut et ullam nostrum. Maxime ea et similique placeat praesentium. Qui sunt eum totam aliquam aut amet aut. Repellat dolore harum non repudiandae qui.',0,'1998-06-07 20:38:51','1981-01-13 00:15:06'),(158,22,36,'Adipisci sed enim architecto tempora. In a asperiores impedit quisquam. Inventore aut placeat quae.',1,'2019-09-23 16:39:24','2008-01-10 04:34:44'),(159,28,20,'Harum dolor sapiente repellendus asperiores. Expedita nihil ea veniam aut maiores exercitationem. Eaque quam voluptatem eveniet at.',0,'2010-10-26 09:30:08','1979-09-04 18:41:32'),(160,64,28,'Sapiente doloribus et aliquid nostrum. Eos omnis quod at ut illum. Cumque et autem aut voluptatibus.',1,'2008-03-10 17:15:14','1986-07-20 06:12:12'),(161,19,12,'Nam ad perferendis at et. Est eum similique id veritatis sunt odit illo et.',1,'2022-07-11 23:19:34','2016-06-03 22:53:33'),(162,18,70,'Nesciunt quis aut saepe earum qui maxime aut. Molestiae dignissimos ut assumenda ea assumenda eum eum.',1,'1991-03-09 00:55:03','1981-06-11 21:08:52'),(163,98,13,'Ut sit quod modi occaecati. Qui provident mollitia nihil in corporis eligendi molestias. Neque mollitia dolorem assumenda aut quia autem.',0,'2023-03-08 21:23:47','1984-11-25 12:29:38'),(164,41,9,'Sapiente earum quidem doloribus voluptatum. Sed adipisci veritatis omnis dolor consequatur. Vero molestias laborum accusantium nobis et hic tempore. Dolorem odit quia sunt earum reprehenderit.',1,'2003-10-04 23:22:01','1987-01-16 19:45:51'),(165,34,64,'Ratione illo beatae eos rem aut eos. Ut ipsam blanditiis corrupti consequatur. Quia deserunt unde delectus vero blanditiis.',1,'2022-05-22 04:37:22','2000-12-10 17:04:11'),(166,5,8,'Consequatur excepturi quis et in sunt harum modi. Architecto sapiente quia voluptatem aut sit. Molestiae expedita voluptatum eos nisi et sint. Minima non ut sit molestiae et excepturi nesciunt.',1,'2002-12-25 02:17:45','1991-11-08 02:10:05'),(167,38,7,'Odit autem ipsum commodi velit. Sit officia enim voluptas reiciendis nihil.',1,'2000-05-19 05:29:32','1975-08-25 01:24:12'),(168,88,83,'In ea asperiores fugiat consequatur. Sint debitis incidunt rerum sequi aliquam eum. Beatae qui dolorem similique atque illo.',1,'2011-11-04 08:51:43','2022-01-09 14:02:22'),(169,100,24,'Ut voluptatem nemo non sed adipisci id. Optio blanditiis aliquam excepturi qui ipsam consequuntur adipisci. Non iste ipsam beatae.',0,'1995-07-31 20:56:10','2009-06-22 23:49:35'),(170,29,5,'Quae alias sed quia vitae consequatur. Recusandae dolorum consequatur recusandae beatae doloremque consectetur. Ipsa possimus esse quam fugit fuga libero.',1,'2015-10-04 06:00:03','1991-06-21 20:39:20'),(171,28,47,'Et deserunt et nihil in. Sint consectetur qui quo beatae occaecati.\nItaque odit minima corporis a ad est. Et et aperiam totam a et totam.',0,'1976-06-17 07:49:45','1989-08-25 03:14:32'),(172,21,52,'Dolorem nostrum alias dolore blanditiis excepturi. Tempora vel perspiciatis molestias. Ut quibusdam nisi rerum quis ad illo.',0,'1971-11-21 13:40:15','1989-02-20 19:49:53'),(173,35,30,'Aut quo facilis quidem numquam voluptatem. Et libero quidem assumenda velit voluptatibus quia quod. Explicabo molestias quis veniam qui magni mollitia iure. Est nisi impedit eos et libero.',1,'2001-10-15 16:24:44','2011-11-21 08:00:21'),(174,69,100,'Nobis reprehenderit sequi autem laboriosam et quo. Fuga non enim quod nulla. Sit vitae quas provident quidem quis minus. Et dolorem et saepe minus repellat et.',1,'2001-04-12 13:25:53','1996-12-12 02:05:54'),(175,50,5,'Inventore odio necessitatibus repudiandae laudantium blanditiis. Iure omnis et nemo. Qui et quasi similique sequi repellendus porro et.',0,'2003-04-15 05:09:26','2016-08-21 14:51:27'),(176,93,87,'Fuga sint eius natus qui. Blanditiis numquam dignissimos in natus quae. Odio quo occaecati odit corrupti ut. Qui totam eius occaecati.',0,'2006-08-19 14:04:20','2004-06-09 00:50:03'),(177,97,98,'Similique eligendi et in earum quia et vero. Ex unde iste ut quod sint. Vero nihil dolores quia eum.',1,'1974-08-19 00:41:34','1994-01-30 06:38:31'),(178,51,9,'Voluptatem soluta asperiores est ad praesentium fugit. Suscipit ex debitis possimus unde. Dolores reprehenderit soluta eveniet minima corporis.',1,'1989-09-18 01:06:43','2010-04-03 10:01:30'),(179,16,35,'Aut beatae at ab ab harum. Voluptatibus et sint perspiciatis amet possimus ut consequatur asperiores. Eligendi totam dolorem veritatis tempore dolore nobis et. Eligendi neque reiciendis ab.',0,'1996-07-29 04:38:41','1994-07-24 10:52:29'),(180,26,21,'Quia qui sed sint consequatur veritatis quia. Molestiae dolores itaque est totam. Illum earum dolore tenetur quasi omnis suscipit similique.',0,'2021-01-26 20:48:00','2018-05-08 07:53:00'),(181,83,96,'Voluptates sed repellat omnis necessitatibus. Inventore sunt cumque voluptatem. Expedita eveniet laboriosam qui cumque sit. Sed odit voluptas iusto sed numquam odio.',0,'2019-05-21 11:56:02','2023-05-26 05:26:20'),(182,18,39,'Maiores recusandae laboriosam labore qui quidem. Corporis autem eius ut et dolorem. Dolore mollitia quis mollitia dolor fugit explicabo consequatur illo.',1,'2005-09-11 06:40:48','2004-05-04 13:58:30'),(183,61,97,'Harum aut numquam et. Laudantium nisi cupiditate minus vel et error quisquam et. Perspiciatis assumenda harum modi accusantium autem.',1,'2020-09-25 12:10:47','2015-02-17 17:10:55'),(184,55,14,'Tempore omnis et rerum. Eaque autem fugit esse iure neque enim temporibus.',0,'2004-12-06 17:30:30','2011-01-01 00:49:59'),(185,47,60,'Ut deleniti earum aperiam modi aut. Nihil laboriosam est officiis vitae quaerat iste. Voluptatem quisquam maiores quod temporibus ab.',0,'1973-11-13 10:16:30','2008-11-10 01:47:32'),(186,2,76,'Minus sint sint sequi rem nesciunt. Iure voluptas distinctio autem voluptatem voluptate ex asperiores. Harum blanditiis et iure.',0,'2020-06-26 21:36:34','1980-07-02 12:47:19'),(187,62,1,'Doloremque delectus quos adipisci beatae facilis consequatur. Vel porro aperiam rem dolore sint. Unde accusamus exercitationem voluptas et. Laudantium reiciendis aut quam possimus excepturi tempora.',0,'1993-07-29 20:57:34','2004-06-26 08:21:07'),(188,41,69,'Enim et debitis architecto id est neque ad. Nihil repellendus unde in autem. Ut suscipit voluptatem impedit odio pariatur voluptas molestias repellendus.',0,'1978-04-23 11:49:58','2004-05-15 18:46:19'),(189,55,20,'Fugiat omnis voluptatem saepe dignissimos dolor eveniet. Atque aliquid ab cupiditate temporibus asperiores atque. Nobis qui incidunt ut error a dolor aut error.',0,'2019-05-11 03:20:01','2008-03-15 02:30:56'),(190,31,12,'Sapiente illum ut error voluptas quia dolores magnam. Quibusdam tempore voluptates saepe laborum ex. Dolor libero repellat debitis cupiditate.',0,'1995-09-13 16:10:20','2000-12-04 01:44:22'),(191,35,1,'Repudiandae eaque animi omnis occaecati. Beatae quia aliquam incidunt quia rerum voluptate error.',0,'2022-06-24 11:26:59','1983-03-29 19:30:06'),(192,79,38,'Unde officiis qui consequatur ut nisi voluptas praesentium. Error molestiae molestiae ipsa ipsam commodi incidunt. Harum unde culpa numquam dignissimos laboriosam.',0,'2015-12-02 11:08:59','1981-09-07 23:00:00'),(193,74,15,'Aut consequatur rem corrupti repellat ipsam id tenetur. Animi commodi ipsum sit facere. Totam deleniti et dolor fuga. Cum voluptatem omnis aut esse autem.',1,'2006-10-16 21:25:49','2003-11-05 17:03:18'),(194,37,2,'Beatae qui sint consequatur cumque. Exercitationem inventore ut veniam rerum. Voluptas mollitia incidunt autem.',1,'1980-04-26 17:55:29','2000-09-06 01:26:38'),(195,56,46,'Neque quisquam quia nisi eos. Illo velit non unde. Asperiores ipsa et dolores sit quidem cum. Fugit blanditiis ut voluptatum earum voluptatum.',0,'1994-11-20 00:31:00','2009-07-26 07:08:48'),(196,96,59,'Nisi laudantium quae enim aperiam. Consequatur ut quas autem maiores sed nihil. Autem fugiat sit dolor voluptate.',0,'2016-02-21 05:21:17','1985-10-27 00:54:51'),(197,66,47,'Quam voluptate autem ullam et est et occaecati. Illo ab hic maxime numquam. Et consequuntur consequatur ut velit beatae voluptatem. Dolorum pariatur odio nihil et qui a omnis voluptas.',1,'1977-06-13 19:02:46','2015-12-27 10:08:46'),(198,90,54,'Ea et iste cumque tenetur porro. Enim sit ipsum ipsam. Qui possimus exercitationem tenetur dolores eius dolorum.',1,'1991-05-22 23:35:31','2010-05-06 16:19:02'),(199,4,32,'Dolores qui fugiat ea ea porro omnis incidunt. Similique illum nobis ad officia harum amet. Consequatur ad tenetur dicta quos maxime maiores sit voluptas.',0,'2012-09-29 06:31:07','2007-11-26 07:03:17'),(200,98,59,'Nam quia omnis ex temporibus voluptatem est omnis modi. Voluptatem consequuntur aut minima at impedit aut. Assumenda accusamus placeat quidem a eius esse. Omnis voluptatem non itaque et dicta.',1,'1997-03-05 06:55:14','2000-05-15 12:10:24'),(201,61,59,'Enim sequi quibusdam non esse quasi nobis. Accusamus qui vitae sint omnis. Libero dolores vel eos culpa sed.\nEt aut quam voluptate ea consequatur. Dignissimos aliquam deleniti quo.',0,'2016-12-13 17:32:26','1970-10-16 10:22:32'),(202,24,12,'Aut accusantium nulla voluptates ut eos. Officiis ab fugit repellendus vitae rem nihil et. Pariatur magnam fugit reprehenderit ut. Et cum velit minima debitis excepturi.',0,'2003-09-21 22:45:46','1978-09-12 03:27:35'),(203,44,67,'Eos voluptatem et id ad exercitationem. Minima cupiditate et consectetur et in. Aut ut veniam quis incidunt adipisci.',0,'2005-05-12 21:47:19','1970-11-10 18:23:15'),(204,12,45,'Sunt ratione ab deserunt maxime dicta velit. Nesciunt dolore exercitationem tenetur aut alias voluptatem. Vero sit dicta ut consequatur occaecati dolorum rerum eos.',0,'1985-07-19 03:48:11','1982-11-20 12:06:17'),(205,89,24,'Quod enim cupiditate eum temporibus eveniet. Quidem sapiente et ut qui earum mollitia nostrum. Omnis et modi eaque voluptas veritatis. Quod dolor itaque sapiente et dolorem rerum.',1,'2006-10-20 07:46:09','2011-08-06 14:04:45'),(206,79,23,'Accusantium ex voluptas natus sunt. Aliquid et cupiditate et eaque beatae possimus nemo. Est est illo et eveniet culpa recusandae.',1,'2006-05-10 20:57:30','1990-06-09 17:37:51'),(207,31,7,'Fugit sapiente autem ut voluptas numquam est. Illum blanditiis est dolorum voluptate dolores a. Sequi unde inventore quaerat iusto nulla similique.',0,'2003-08-05 05:39:15','1997-09-18 02:44:41'),(208,76,46,'Deserunt aspernatur possimus officiis rerum consequatur magni magni et. Vitae suscipit ipsa numquam. Consequuntur unde molestiae quia et qui accusamus.',1,'1995-07-15 08:15:19','1999-05-26 04:44:33'),(209,55,86,'Maiores animi consequatur occaecati eum laudantium ea. Veniam perspiciatis suscipit vel qui. Molestiae autem cum in distinctio veniam voluptatibus accusantium. Quisquam sed debitis aut eveniet.',0,'1978-02-22 11:30:36','2019-12-16 03:57:55'),(210,6,6,'Eum atque aut commodi. Distinctio quis ullam aut molestias alias necessitatibus tempore. Adipisci occaecati et necessitatibus. Nesciunt perferendis non veniam rerum sit magni quos amet.',1,'1981-01-20 14:54:31','2020-12-17 04:22:45'),(211,18,21,'Dicta animi dolore explicabo ut. Dolorum at eos perspiciatis assumenda quis rerum.',1,'1972-01-27 19:03:47','1970-01-02 21:49:41'),(212,79,12,'Earum ex error nobis fugiat voluptate aperiam tempore. Minima quo nisi excepturi eveniet.',1,'2007-03-01 03:59:38','2020-02-17 22:38:00'),(213,47,11,'Molestiae alias omnis vel veritatis. Iure eos reprehenderit voluptates sequi. Amet amet velit quam atque. Aut non sed aliquam cupiditate voluptatem.',1,'2021-09-22 02:53:22','2017-02-05 06:54:34'),(214,21,24,'Cupiditate beatae sit est repellendus voluptatibus. Et consectetur nam temporibus eligendi. Voluptatem qui error minus ducimus.',0,'1981-04-23 19:57:23','2018-01-19 18:02:13'),(215,49,81,'Voluptates voluptas praesentium et debitis sunt. Enim similique reiciendis voluptates distinctio et. Provident quia et molestiae aliquam corrupti nostrum eligendi et. Et inventore corporis sed.',0,'2020-10-05 23:10:59','1992-08-07 11:45:48'),(216,43,73,'Non qui veritatis aliquam atque magni rerum. Est quaerat qui quia nihil dicta. Inventore aspernatur inventore tempora ad hic error totam.',0,'2003-12-10 09:40:18','2022-03-13 17:29:33'),(217,38,21,'Velit eos minima et id dolores. Sed possimus repellendus fugit quam. Corporis delectus reiciendis optio eveniet quaerat reprehenderit quibusdam. Qui dolore dolor dolores possimus sed enim.',1,'1990-07-15 13:20:56','1978-04-01 01:22:12'),(218,31,6,'Et totam quo aut et quidem ipsa. Culpa rerum aspernatur dignissimos aut molestiae vitae. Ea voluptatem dolores dolor natus sint magnam incidunt.',0,'2005-09-16 20:00:58','1998-12-17 22:00:53'),(219,14,77,'Quisquam nam cupiditate sunt. Et ea officiis quaerat facere quia est error.\nEt dignissimos iure voluptas in sint. Necessitatibus rem velit eius iste aut. Iure vero et sit asperiores voluptas maiores.',0,'2005-09-02 05:32:05','1995-07-12 12:48:42'),(220,17,12,'Dolore omnis molestiae cum nulla distinctio quasi aut. Aut a modi officia.',0,'2011-11-19 00:42:37','1986-08-14 17:28:24'),(221,83,18,'Eos et sit et distinctio qui aut sunt. Consequatur ducimus est totam consequatur asperiores vel quod. Dolor nulla modi voluptatem non quae.',0,'2003-01-22 22:07:20','1974-06-14 02:45:39'),(222,58,46,'Accusamus nesciunt saepe voluptate. Nemo aut similique sit. Nostrum sit minima esse accusamus quibusdam. Omnis asperiores sunt sed quam aspernatur voluptatem ducimus.',1,'1980-11-15 04:39:26','2010-08-07 13:06:25'),(223,40,17,'Hic totam quo id eum non. Cum quo ullam sed voluptatem. Tempore quas error rerum culpa.',0,'1976-07-14 04:51:44','1992-10-03 06:21:23'),(224,19,48,'Quibusdam vel perspiciatis dicta assumenda natus ullam. Impedit quam nostrum perspiciatis dolorum excepturi. Nihil neque minima et aut quod rem et necessitatibus.',1,'1977-03-16 14:28:31','2014-12-23 14:30:10'),(225,8,30,'Sed labore rerum consequatur inventore. Nesciunt et dignissimos vel iste ullam dolorum. Sed veniam veniam eos. Perspiciatis inventore nemo quisquam veniam accusantium voluptate.',1,'2022-09-07 09:30:28','2020-06-09 10:56:11'),(226,67,74,'Distinctio officiis et aut ipsa vel. Repellat et dolores eos et sit quia. Et voluptatem dolorem qui vitae non consequatur placeat.',1,'1975-10-02 15:03:47','1995-10-03 17:22:46'),(227,21,5,'Voluptatibus quo eius et et quia dolor. Est eligendi non veritatis voluptatem aspernatur. Ipsum in natus a accusantium. Animi debitis et maiores quis voluptates.',0,'2015-03-27 04:01:25','2001-12-01 10:04:08'),(228,57,87,'Magni repellat corrupti aut quis ducimus ut iste. Voluptatem optio est et molestiae iste. Ut dolor molestiae quo omnis dolores veniam. Deleniti et reprehenderit nesciunt quidem dolorum.',0,'1987-07-06 21:47:09','1993-07-04 02:15:29'),(229,22,25,'Velit dolor veritatis eaque sapiente enim doloremque. Qui ut ut qui quisquam enim maxime. Et aliquam alias incidunt.',0,'2022-09-09 14:31:25','1975-07-12 22:54:38'),(230,72,51,'Itaque laborum aperiam iure quasi iste quia deleniti ipsum. Et dignissimos in assumenda est voluptatem. Id reprehenderit vel rerum vel qui.',1,'2013-01-29 18:30:03','2009-11-07 09:26:17'),(231,95,28,'Quo deleniti amet voluptas omnis incidunt. Sunt occaecati recusandae fugiat illum. Quas ut illum nobis est dolorem.',1,'1971-02-26 03:31:58','1991-10-21 10:43:57'),(232,53,10,'Exercitationem ex id unde animi excepturi qui. Voluptatem est et ut impedit quae. Expedita dolor quis ut similique.',0,'1974-08-08 05:55:17','2010-10-14 01:58:12'),(233,7,24,'Et tempora mollitia nihil optio id libero similique. Natus sapiente aperiam non. Minus dolorem temporibus quis assumenda voluptates voluptatibus veniam.',0,'2018-05-18 00:22:02','1986-03-11 08:54:33'),(234,90,31,'Voluptatum molestias adipisci mollitia voluptatem. Accusantium ea dicta fuga ut minima. Ut autem eius quos vero.',1,'1991-02-05 13:44:01','2022-02-12 21:06:25'),(235,56,32,'Odio aliquam ut eaque sunt tempora aliquid. Sint modi vel magnam odio quis voluptatem quaerat aliquam. Dolor consequatur aliquam cum quis qui temporibus.',1,'1979-09-12 06:51:43','2019-01-14 05:56:13'),(236,83,50,'Temporibus molestias harum nihil quis quo. Est eligendi fuga ullam aut omnis quo nam similique.',1,'1975-02-05 17:21:50','1993-03-20 00:33:50'),(237,93,24,'Nobis ratione earum culpa ea facere fugiat blanditiis enim. Ut quod labore consequatur sit tempora ipsam. Dolore totam sunt ad nisi dolores veniam. Itaque occaecati nobis ea cum officia aut culpa.',0,'1976-10-26 16:32:50','1972-06-09 20:40:18'),(238,99,58,'Rem ut neque quae impedit rerum aut aperiam. Accusamus quia et laudantium maiores illo. Dolor minima officia modi omnis vel aperiam rerum voluptate.',1,'1982-08-14 08:06:00','2008-07-28 17:46:38'),(239,67,83,'Suscipit nostrum libero aut quia. Molestias quo expedita qui voluptatum iste omnis voluptatem.',0,'2020-08-23 21:45:06','1996-10-30 21:12:25'),(240,40,69,'Et illo suscipit dolor. Vitae enim ipsum quis praesentium ut ut minus amet.',1,'1993-02-10 15:35:41','1986-12-08 10:54:49'),(241,76,51,'Et molestias aut quo sit harum nobis. Eum dolorum cum saepe a sit. Molestiae illum asperiores explicabo labore nihil qui aut. Velit aut eveniet molestias.',0,'2016-11-10 07:51:21','2005-01-31 22:58:05'),(242,10,30,'Laboriosam culpa adipisci sed maxime totam et. Voluptatum aliquam qui suscipit voluptatem tempore et. Praesentium ipsam consequatur voluptatum omnis quae eum sunt in.',0,'2008-04-06 11:59:45','1992-01-12 15:51:46'),(243,10,41,'Iste perspiciatis voluptatem et unde in suscipit qui. Architecto natus soluta corrupti qui soluta. Iure ut inventore cumque ea alias.',1,'1981-06-14 17:29:01','2001-07-21 10:22:42'),(244,63,90,'Architecto odio nemo voluptas sit quasi voluptate. Qui aspernatur ex cum cumque unde. Assumenda eum numquam velit et deserunt.',0,'1971-12-20 19:22:18','1978-01-17 12:27:37'),(245,26,25,'Quia consequatur repellat error saepe assumenda. Modi ea culpa consectetur omnis. Eum rem et maiores explicabo. Officia natus minus corporis et enim.',1,'2010-09-25 01:18:14','2002-07-27 04:54:35'),(246,7,33,'Voluptate aut molestias ut et. Sint ut architecto hic nemo. A voluptas praesentium qui quae. Consequatur veniam aut minima culpa ut qui iste.',0,'1975-08-12 14:41:10','2017-11-23 06:39:57'),(247,100,59,'Odio non dolor fugit exercitationem nostrum. Ut nulla eos ut iste sit aliquid voluptatem. Magni tenetur eum sit officia in.',0,'2013-04-06 12:21:21','1998-01-31 10:32:26'),(248,10,80,'Et veritatis minima nihil quam qui facilis. Consectetur sit qui perferendis assumenda in voluptatem et et. Ea qui ratione totam. Illum sed corrupti qui et temporibus numquam animi maiores.',1,'1983-11-20 08:39:10','2021-07-07 18:47:14'),(249,94,59,'Illo dolore ut molestias necessitatibus. Expedita nobis sint perferendis alias. Et vel earum aliquam autem iste soluta atque.',1,'1983-03-27 21:28:57','1989-10-21 22:05:34'),(250,75,34,'Fugiat consequatur in enim et. Magnam in id nulla perspiciatis ipsum eligendi.\nQuo nisi autem distinctio nulla est vero. Ipsa aut atque ipsam necessitatibus. Vero ipsam voluptatem veniam.',0,'1980-09-21 16:30:04','1995-12-08 09:30:05'),(251,39,19,'Enim est praesentium aut mollitia. Voluptatem eligendi id est qui magni iusto. Corrupti similique qui vel cum distinctio possimus magnam. Ipsam necessitatibus aperiam repudiandae sunt quidem.',1,'1973-05-09 02:50:00','2004-04-11 13:22:41'),(252,35,34,'Non quis ratione ipsum molestias repellendus pariatur natus. Dolor quo atque officia non rerum quam. Deserunt reprehenderit reiciendis perferendis dolorem quia.',0,'2011-10-14 08:11:23','1995-03-23 03:48:00'),(253,22,54,'Consequuntur nisi soluta tenetur. Quis ut quam fuga ipsam. Voluptatem hic et facere. Labore amet quae facere consequatur rerum dolorum.',1,'2002-10-10 21:32:21','1982-03-04 21:47:38'),(254,25,89,'Quia tempore eligendi minima blanditiis eius. Mollitia consectetur alias nobis error. Velit sunt dolores ut animi illum. Occaecati aut cupiditate mollitia minus. Esse est tenetur nemo odio.',1,'1986-06-03 02:53:29','1991-05-23 18:11:38'),(255,17,45,'Nemo minima explicabo veritatis odio distinctio soluta iste. Velit porro voluptatem provident et placeat a quo delectus. Fugiat nesciunt quia harum vel non odit.',1,'2001-06-16 20:14:43','1979-02-03 15:03:42'),(256,4,81,'Quasi nihil non in qui eum animi commodi quam. Dolor similique ut sed et temporibus dolorem. Laborum autem sit eum exercitationem necessitatibus et.',0,'2002-02-27 22:13:44','1998-08-08 12:48:13'),(257,60,81,'Natus quibusdam suscipit aut. Soluta sit consequatur nemo nobis.',1,'1987-03-30 13:04:05','1973-01-02 06:50:57'),(258,91,77,'Aut nulla repellat hic excepturi dolorum aspernatur eum. Quia aut sit mollitia excepturi. Cum quo temporibus fugit voluptatum maxime non.',1,'1986-03-16 10:56:04','2004-03-24 08:12:28'),(259,33,12,'Expedita sequi nam reiciendis ea molestiae. Est est velit optio molestias natus et aspernatur. Illo qui ut ipsam deleniti necessitatibus voluptatem.',0,'1997-04-19 23:51:00','2014-08-15 22:47:15'),(260,33,53,'Iste dolor nobis dignissimos veritatis labore recusandae accusantium. Asperiores temporibus facere aut corporis laboriosam. Iste odit voluptas laborum iure.',0,'1984-03-12 11:28:49','1977-10-06 21:16:20'),(261,84,27,'Dolorum aperiam dignissimos quaerat amet cum voluptate qui. Quae sed vel et ut. Dolores placeat eos velit necessitatibus aut. Repudiandae illo impedit aut quia enim molestiae.',0,'1974-08-08 10:16:42','1991-01-02 07:33:12'),(262,5,15,'Unde et quam tenetur vitae. Ut illo quo error. Quaerat id veniam sunt consequatur iure vitae et. Voluptas dolorum tempore amet unde et.',1,'1997-05-13 07:57:28','2003-09-14 00:48:43'),(263,13,88,'Earum voluptate ut dolore aliquam. Et facere est qui. Eveniet corporis facere et voluptas modi rerum.',0,'1996-08-26 00:15:48','2012-05-16 04:41:56'),(264,14,77,'Dicta voluptatem id unde molestiae. Ducimus qui eos necessitatibus omnis illum earum eum explicabo.',1,'1979-04-05 22:00:50','1996-05-30 01:49:58'),(265,55,95,'Et eligendi voluptas nihil quas dolore. Ex iste minus aut magnam. Recusandae libero quis deserunt soluta omnis.',0,'2015-07-14 22:18:19','2009-12-07 02:28:34'),(266,43,69,'Expedita dolores ad sint saepe quasi illo eos alias. Cum qui id iure est aspernatur adipisci et nesciunt. Amet aperiam aspernatur ea laudantium et et. Facere facere occaecati excepturi iusto.',0,'1989-04-10 06:37:22','1994-12-18 21:30:40'),(267,87,71,'Non omnis ipsum quis quod quod. Dicta et quibusdam quasi atque ut et. Eligendi quasi non eos natus ipsam. Velit esse voluptatem aliquid autem beatae.',1,'1971-03-04 03:23:36','1984-10-14 20:31:58'),(268,66,21,'Perspiciatis similique qui maxime fuga est praesentium reiciendis. Laborum illo voluptatem cum perferendis. Veritatis totam veritatis voluptatem nihil facilis.',1,'2000-01-19 21:10:34','1990-09-29 21:09:53'),(269,24,70,'Libero odit unde dolorem animi nisi voluptates soluta. Aliquam id consequatur deleniti recusandae eius. Nam sit voluptatem et magni beatae inventore.',0,'1988-04-21 11:28:13','1978-06-26 10:21:00'),(270,33,88,'Eius enim neque ullam alias consequatur et. Unde culpa earum aliquid. Vitae qui debitis vero itaque. Doloremque et corrupti quia quibusdam tenetur corrupti hic impedit.',0,'1978-12-03 02:51:30','1980-12-26 04:03:38'),(271,22,39,'Voluptatem non debitis et architecto asperiores ex suscipit. Ut et dolorem et eligendi est.',1,'1986-11-25 02:11:22','2017-07-31 23:56:07'),(272,100,14,'Voluptates earum nulla eum quo vitae ad quia voluptas. Non et et quis sit temporibus rem.',0,'1994-04-15 23:20:59','1996-01-29 12:23:05'),(273,28,26,'Error rerum voluptatem vel rerum commodi. Eum et sit nesciunt sit dolor. Praesentium doloremque voluptatem consequuntur deserunt non placeat ea autem.',0,'1982-01-28 08:06:06','1972-06-12 06:04:49'),(274,77,38,'Earum et ipsa provident deserunt dolor consequuntur reprehenderit. Ab dolor sequi facilis accusamus. Ad alias ducimus minus autem quia. Provident assumenda est fuga neque.',0,'1977-09-04 17:52:21','2002-03-08 22:45:09'),(275,36,64,'Voluptatem aliquid atque adipisci nulla earum ratione. Qui assumenda fugit nemo est aut modi est nulla. Eos sit rerum minima in repellendus. Consequatur consequatur cumque sapiente et.',1,'2003-09-22 11:29:30','1989-11-08 05:24:36'),(276,83,40,'Et rerum ea beatae et quia veritatis. Aliquid quis voluptatem dolorum suscipit. Optio similique beatae assumenda exercitationem autem. Aut eum enim praesentium excepturi asperiores totam.',0,'2010-04-17 09:20:01','2009-05-05 03:20:55'),(277,19,77,'Porro deserunt voluptatem consequuntur doloribus a impedit aut. Hic maiores tempora necessitatibus harum iusto aut. Debitis deserunt maiores aliquid hic soluta et et.',0,'2019-06-22 05:56:33','1977-09-08 03:22:55'),(278,56,75,'Eos aut quia quod earum. Tenetur ut nostrum quis commodi dolores ipsa consequatur. Excepturi omnis numquam ut est inventore similique.',1,'1975-06-06 03:24:34','1979-08-08 04:49:07'),(279,70,70,'Modi quia maxime et occaecati. Omnis asperiores est velit quia.',1,'1987-06-05 21:30:06','2016-12-20 03:12:04'),(280,29,43,'Quia consequatur quidem fugiat qui. Aut dicta ut eligendi autem esse. Quos consequuntur accusamus consequatur et ipsam itaque molestiae.',0,'1988-04-29 15:59:16','1981-02-10 21:47:49'),(281,83,47,'Minima ipsam laboriosam ratione eos atque. Modi soluta voluptatem harum dolorem nemo. Voluptates autem consequatur quia corporis aperiam nesciunt quam. Non molestiae molestias illum.',1,'1989-12-22 20:44:14','1983-01-26 12:12:03'),(282,65,1,'Natus totam aliquid ipsam quo. Dolores quo porro est magnam. Quis aliquid nesciunt neque alias.',1,'2014-01-05 05:45:28','1971-07-15 22:42:03'),(283,85,4,'Fugiat quasi quam voluptas et blanditiis. Iusto esse quo non quia consequatur. Laudantium dolorum nisi eaque molestiae excepturi autem. Consequatur a sed impedit sunt.',0,'2013-01-15 02:13:39','1986-12-25 02:04:27'),(284,9,41,'Consequuntur ipsam ut voluptatem rerum. Soluta vel omnis autem. Temporibus eaque fugit earum aut.',1,'2016-01-25 21:10:04','1992-09-25 17:37:27'),(285,34,87,'Suscipit provident enim natus deleniti assumenda voluptatibus. Tempora qui optio officiis dolore architecto sint natus aliquam. Mollitia sit odio est odio ipsa.',0,'1971-05-12 06:36:35','1987-12-17 10:49:36'),(286,71,24,'Sequi rerum aspernatur distinctio tenetur qui. Dolore aut expedita necessitatibus non numquam et qui. Iste dolores reprehenderit nam autem modi voluptas.',0,'2000-12-29 23:35:44','1991-01-05 14:52:54'),(287,11,87,'Consequatur magnam accusamus quo nesciunt. Sed recusandae maiores aut et enim. Quia et beatae a enim quasi.',1,'1998-08-20 10:04:49','2017-11-27 12:25:26'),(288,18,97,'Autem repudiandae dolores velit. Et aliquid aut doloribus totam aspernatur. Accusamus illum dicta ducimus qui sunt vitae. Consequuntur facere dolorem ea error ex quia.',0,'1976-01-15 02:30:34','2004-01-14 11:33:11'),(289,37,60,'Debitis nesciunt repellat eaque. Qui harum ducimus fugiat alias quis. Vel ducimus eum et sed unde rerum accusamus aut. Dolor deserunt ab qui consequatur aut.',0,'1994-12-24 00:08:56','2007-09-19 00:25:47'),(290,48,22,'Quam suscipit possimus dolor aspernatur culpa vero deleniti. Voluptatem at occaecati sunt. Officia est molestias quam voluptatem eaque nihil iste id. Tenetur et quia id saepe at sit est.',0,'2018-06-08 01:47:22','2014-12-28 02:04:37'),(291,47,82,'Voluptatum voluptas voluptate qui fugit. Fuga et non qui assumenda qui molestiae autem. Quis aut enim est sequi. Inventore est alias qui quia eos quis aliquam.',0,'2013-11-21 12:31:39','1972-12-04 13:09:08'),(292,83,18,'Dolor harum aut molestiae alias officia. Fuga illo non ratione omnis repellendus quia. Repudiandae qui in et mollitia.',1,'2004-07-08 04:25:13','2021-09-24 13:57:59'),(293,26,84,'Omnis quia vel assumenda quia. Non quo ab quibusdam soluta in. Nostrum debitis nihil et qui eius temporibus.',0,'1984-10-08 03:31:12','1981-01-03 11:23:28'),(294,32,51,'Ut est enim expedita ut. Ut corrupti esse ut sit nihil. Suscipit nobis sequi dolor atque beatae rerum molestiae. Repellendus et cum explicabo non aut molestiae.',0,'2021-11-29 02:22:40','2005-06-26 12:48:40'),(295,40,58,'Eius illum atque omnis. Error placeat est explicabo tempora quasi in. Alias dolor et id magni non. Qui expedita suscipit velit ab illum.',0,'1988-11-18 03:54:26','1998-07-25 11:08:15'),(296,70,34,'Non id quos iusto qui fugit doloremque. Praesentium asperiores expedita neque saepe natus facilis architecto. Modi laborum ullam sunt qui hic cupiditate. Et cum recusandae veniam.',1,'1971-06-02 09:20:17','2001-11-29 11:30:40'),(297,92,69,'Velit ad et beatae ullam et. Tenetur hic ipsa voluptate aut aut rerum sed eius. Illo aut non porro voluptatem. Perspiciatis porro sapiente aliquid perspiciatis neque consequatur.',1,'1987-05-30 00:21:36','2020-03-10 00:58:38'),(298,98,88,'Impedit non et atque labore dolorum ducimus sit. Eius corporis hic voluptate. Ab illum sint consequuntur totam. Ea ipsum magnam voluptas dolores vero.',0,'1975-03-03 18:06:46','2010-07-29 02:54:00'),(299,23,80,'Minima dolore saepe asperiores. At aut dolorem optio. Aperiam doloribus corrupti in eum facilis.',1,'2001-12-16 08:57:30','1980-02-23 04:04:19'),(300,41,14,'Beatae et tempore voluptates et. Qui voluptates dolores fugit voluptatem corrupti.',0,'1999-04-22 14:49:31','2014-12-02 19:35:18');
/*!40000 ALTER TABLE `messages` ENABLE KEYS */;
UNLOCK TABLES;

--
-- Table structure for table `posts`
--

DROP TABLE IF EXISTS `posts`;
/*!40101 SET @saved_cs_client     = @@character_set_client */;
/*!40101 SET character_set_client = utf8 */;
CREATE TABLE `posts` (
  `id` bigint(20) unsigned NOT NULL AUTO_INCREMENT,
  `user_id` bigint(20) unsigned NOT NULL,
  `txt` text NOT NULL,
  `created_at` datetime DEFAULT current_timestamp(),
  `updated_at` datetime DEFAULT NULL ON UPDATE current_timestamp(),
  PRIMARY KEY (`id`),
  KEY `user_idx` (`user_id`),
  CONSTRAINT `user_posts_fk` FOREIGN KEY (`user_id`) REFERENCES `users` (`id`)
) ENGINE=InnoDB AUTO_INCREMENT=301 DEFAULT CHARSET=utf8mb4 COLLATE=utf8mb4_unicode_ci;
/*!40101 SET character_set_client = @saved_cs_client */;

--
-- Dumping data for table `posts`
--

LOCK TABLES `posts` WRITE;
/*!40000 ALTER TABLE `posts` DISABLE KEYS */;
INSERT INTO `posts` VALUES (1,15,'Omnis vitae fuga pariatur quia consequatur illo. Similique iste numquam ratione fugiat ut ut.','1992-10-01 05:37:42','1972-08-16 00:47:51'),(2,59,'Dolor dignissimos ipsa beatae ut incidunt minus consequuntur. Molestiae quia molestiae tempore similique reiciendis. Accusantium molestiae autem ducimus voluptatem pariatur earum.','2008-02-21 22:51:31','2014-01-04 23:07:11'),(3,9,'Et soluta provident omnis. Blanditiis nostrum neque rerum et in. Nobis id quibusdam odit. Voluptas quis in qui.','1986-03-18 18:46:02','2006-05-19 04:08:07'),(4,31,'Et reprehenderit quia dicta minus sunt rerum. Voluptas sed alias omnis iste ut voluptatem blanditiis.','1988-03-26 19:48:33','2016-04-13 22:15:13'),(5,8,'Id facilis est et in. Esse perferendis minima provident ut esse. Quia in qui et consequatur sed.','2007-12-09 00:45:21','1980-10-25 19:56:10'),(6,10,'Excepturi reiciendis cum quisquam officia. Quia libero illum magnam qui ipsa sint voluptates. Expedita nostrum velit veniam.','1972-11-19 12:27:26','2017-07-16 13:15:43'),(7,41,'Possimus quia est totam ipsa dolor. Quae esse excepturi magnam ducimus est officiis recusandae rerum. Dolorem rerum sit ea voluptatem dolorem.','1973-12-22 20:44:04','2018-01-26 21:06:20'),(8,41,'Itaque ipsa voluptatem dolorem non quam ea deserunt omnis. Fugit nobis eos occaecati quasi eligendi. Quam suscipit quibusdam soluta repudiandae commodi omnis assumenda ad.','2020-12-01 02:36:02','1985-11-29 08:19:29'),(9,47,'Dicta excepturi placeat expedita maiores quia aperiam. Delectus autem voluptas fugiat aut. Maiores et id in exercitationem.','2018-05-11 17:59:33','1984-04-02 20:21:51'),(10,5,'Incidunt facere voluptates odio maiores delectus. Sint voluptatem inventore cum. Aut omnis iusto aspernatur ipsum. Est eum qui vel et dolorum accusamus at.','1977-11-01 14:49:56','1999-11-28 22:20:09'),(11,12,'Iure excepturi saepe et. Debitis non qui omnis voluptas rerum.\nOccaecati ab possimus tempora nam. Sed illum voluptatem accusantium et.','2007-07-24 12:00:04','1985-07-07 10:54:42'),(12,43,'Porro et officiis autem in reiciendis. Consectetur velit tempora alias dolor rerum veritatis sit. Aliquid magni commodi omnis est.','2018-12-30 02:16:11','1972-01-06 06:22:14'),(13,25,'Reiciendis recusandae quos dolorum vel sint eos. Tempore dolorum fuga et eum amet alias nihil. Consequuntur veritatis repellendus maxime consectetur omnis ad sapiente.','2020-09-01 12:33:37','2018-01-28 16:24:41'),(14,54,'Necessitatibus illum repellendus voluptatum aut et amet enim. Qui id sit eos beatae quae. Non voluptas iste omnis qui. Pariatur laudantium dicta cupiditate quia quia corporis accusantium.','2007-01-25 22:22:06','1994-05-26 09:33:20'),(15,81,'Sunt voluptatum enim quo quae laboriosam eos. Nobis assumenda quis perferendis ut. Nobis et ullam omnis iusto nostrum veniam delectus. Eaque blanditiis explicabo distinctio dolores vel omnis.','1979-12-01 15:59:26','1982-07-08 10:12:24'),(16,32,'Id nam aut non saepe cupiditate. Dolor quidem recusandae iusto est autem dolorem. Possimus cumque nostrum aut nesciunt beatae et.','2013-01-20 18:14:29','1990-02-01 11:29:36'),(17,39,'Laboriosam ut ipsam distinctio cumque vero est cupiditate. Dolorem quia nihil ut laborum voluptatem esse ducimus.','1993-05-28 00:37:44','1972-09-19 15:58:15'),(18,31,'Dolor tempora id repudiandae. Alias dolore natus quia molestiae reiciendis ut. Et perferendis eveniet doloribus blanditiis quos dolore quod.','1975-12-28 18:22:22','1984-12-22 12:31:03'),(19,46,'Ut quam sit illo deleniti qui tenetur necessitatibus vel. Libero voluptatum nesciunt ullam dolorem ex qui voluptatibus consequuntur. Non aut nihil esse quisquam iusto.','2015-04-23 04:30:41','1988-12-03 15:40:29'),(20,6,'Quasi ipsa ipsa quos voluptas. Non facilis illo voluptas totam ea minus accusantium qui. Sit qui velit laborum nam incidunt. Dignissimos consectetur unde eligendi vel repellendus pariatur.','2015-09-03 06:25:46','1980-05-10 19:51:09'),(21,75,'Veniam esse a aliquam illum. Repellat iste reprehenderit optio corporis.','1986-06-16 00:08:00','1995-12-18 13:34:06'),(22,81,'Non ut harum laborum voluptatem magnam. Distinctio et deleniti qui sunt accusantium animi. Facilis praesentium hic qui cupiditate voluptatibus nihil exercitationem.','1985-08-15 17:50:00','1974-11-05 05:51:04'),(23,17,'Et non culpa tempore nihil provident. Quae cum minus quibusdam totam. Fugiat iste tempore temporibus ut velit deserunt velit dolores.','2019-06-10 06:20:24','1975-09-17 16:48:25'),(24,24,'Cumque culpa sint velit. Eos enim aut eveniet omnis. Molestiae quo quisquam autem occaecati similique soluta fugiat. Aut ducimus sint iusto quas.','2020-06-30 01:23:47','2014-12-29 07:29:32'),(25,72,'Unde dolor dolorem et aut voluptatem. Ipsum nulla odit et quibusdam qui minima. Molestias molestias ratione consequatur eos quidem voluptates. In harum assumenda maxime praesentium et ut nihil.','2018-02-04 04:08:01','2002-08-18 07:08:16'),(26,66,'Voluptatem neque placeat sint officia sint aut. Ea nobis et voluptas non voluptatem. Ratione perferendis et sed. Minus ducimus voluptatem possimus laudantium non deleniti vitae.','2022-01-31 23:45:27','1991-06-14 08:38:08'),(27,1,'Harum deleniti voluptatibus ut tenetur rerum est. Minus culpa consectetur dolorem itaque. Praesentium sit voluptate alias ut labore ipsam. Voluptate libero eius sit adipisci.','1974-10-27 20:51:34','1974-03-23 21:41:12'),(28,98,'Rerum voluptatem aut aut non. Eligendi explicabo quo ratione esse neque. Dolor vel est aut ipsa.','2011-08-13 22:57:09','2018-04-18 23:05:39'),(29,12,'Corporis aut aut accusamus culpa. Impedit laboriosam et aut enim et ducimus qui. Aperiam illum et explicabo accusantium error. Totam iure perferendis ut.','1984-12-07 01:29:11','1987-12-26 00:40:04'),(30,26,'Non nisi cupiditate placeat enim harum ex. Temporibus reiciendis et debitis tempore. Reiciendis itaque neque cum sed repudiandae ullam dicta.','1977-08-06 02:28:59','1989-01-19 20:33:00'),(31,25,'Eaque quia quia beatae quis sequi delectus. Facere eum aut quasi deserunt. Fuga nemo velit inventore quia et. Asperiores occaecati voluptatibus architecto ducimus sed commodi.','2011-08-06 08:18:42','1990-04-05 02:48:30'),(32,30,'A perspiciatis voluptatibus maxime explicabo autem qui sit voluptatibus. Quo in doloribus laudantium id odit.','2002-06-24 23:31:16','2005-12-19 00:12:56'),(33,8,'Et quis vero fuga autem et rerum ut. Eaque quas cum odio blanditiis ut animi facilis. Est nulla harum facere expedita aut cupiditate dolorem. Maiores esse cupiditate ut fugit corporis.','2006-10-28 08:16:26','2011-11-25 08:10:58'),(34,78,'Laborum dolores numquam veniam sed consequatur nulla sit. Sunt reiciendis quis nesciunt nihil. Vitae cumque omnis harum eaque fugit qui corporis.','2006-01-13 10:49:25','2001-11-17 00:01:37'),(35,24,'Voluptatibus nisi officia ducimus est est minima. Earum doloremque tenetur dolores ducimus et sequi reiciendis. Illum non qui eius sit. Dolorum rem rerum modi asperiores.','2006-08-25 13:48:38','1983-03-15 15:12:47'),(36,21,'Itaque sit laudantium maxime molestiae molestiae id dolore. Dolores fuga deserunt vel numquam aut. Incidunt nisi reprehenderit enim molestias.','1999-03-02 10:06:46','1991-06-04 09:49:06'),(37,86,'Ad magni deleniti odit debitis aut aperiam. Libero et et qui iste. Et eum quasi asperiores. Aspernatur soluta consequatur tempore quibusdam et magnam unde.','1977-02-01 00:50:51','1992-05-18 18:51:29'),(38,15,'Fugiat consequatur quae rerum aliquid. Labore illum libero sequi quae ullam illum.','2003-03-13 10:31:01','1979-03-21 09:14:41'),(39,40,'Et dolores a voluptatum rerum sed optio quia. Aut sint quo a cumque. Expedita harum eum quia quam quia voluptatem. Iure id ab nulla a nulla iusto dolor.','1972-10-30 06:38:07','1981-06-17 16:26:59'),(40,31,'Dolor quidem occaecati aut repudiandae velit. Culpa repellendus distinctio non. Debitis ea doloremque quas adipisci ipsa cumque minima consequuntur.','2010-05-12 16:22:55','1980-11-05 05:45:12'),(41,31,'Dolorum eum numquam vero dolor animi. Explicabo aut consequatur ex enim et. Laudantium similique praesentium saepe nesciunt doloremque et nulla. Quaerat omnis ratione quod numquam est sequi est.','1989-11-26 02:53:12','2003-06-13 20:08:55'),(42,33,'Ut reprehenderit et numquam et ad quaerat voluptatum. Optio suscipit modi maiores corporis. Debitis et nesciunt sint voluptates repellendus voluptatem quas.','2010-05-23 02:47:55','2006-12-20 10:48:54'),(43,76,'Occaecati in eum sit unde et velit. Ut quia non eum. At error facere harum laboriosam et quisquam sit. Numquam quia sunt necessitatibus. Possimus facilis doloribus est eaque aut.','2016-09-24 16:50:29','2011-07-14 06:12:36'),(44,12,'Veritatis aut dolorum harum explicabo. Dolor quis assumenda atque pariatur quia consequatur. Aut omnis porro vero illum officia. Eaque nulla qui alias.','2008-08-31 08:17:19','2020-04-12 04:10:11'),(45,9,'Aut dolores odio repudiandae mollitia est incidunt et minima. Delectus est vitae vero velit dolores eos. Veritatis provident natus rerum nesciunt.','2002-01-21 10:21:49','2018-07-14 23:09:15'),(46,7,'Beatae culpa ut officiis. Tenetur error nulla molestiae vel.','2005-05-30 12:50:37','2012-01-31 23:58:47'),(47,36,'Quia modi voluptatibus sint sunt dolor culpa harum. Voluptatum aut nobis nulla. Quisquam modi quo dolorem ut omnis.','2001-02-19 09:33:19','1983-07-03 09:14:40'),(48,72,'Quo reiciendis quae praesentium. Dicta voluptatem porro sequi cupiditate. Voluptas voluptatum et aliquam qui.','1993-05-25 17:43:32','1974-08-11 07:42:42'),(49,5,'Aut temporibus cupiditate eum saepe sint laboriosam. Totam deserunt quod voluptatibus et. Modi dolor dolor culpa cupiditate ut.','1987-09-30 23:50:06','2019-07-07 16:52:06'),(50,43,'Non nihil non corrupti animi magnam aut. Quis ullam eum libero nesciunt quis tenetur voluptatem. Iusto ea ratione assumenda aut error vel quia.','2019-09-06 13:16:56','2006-07-01 02:27:35'),(51,66,'Modi rerum iure maiores ut tenetur dicta animi. Dolor illum ea aut et dolores. Et molestias saepe officia quos quae nisi et. Ut et asperiores aut laudantium quia eius.','1984-10-13 01:54:38','1986-05-25 03:01:05'),(52,12,'Adipisci animi culpa enim culpa id. Temporibus quas molestias saepe sit. Earum voluptatem non beatae rerum soluta laborum. Incidunt consequatur autem et temporibus et ut qui.','1980-01-29 00:12:32','2000-12-28 19:44:33'),(53,38,'Pariatur repellendus ut ut. Consectetur suscipit facere fuga. Deserunt ut distinctio porro necessitatibus.','1996-09-10 11:22:50','2003-07-02 10:42:16'),(54,91,'Labore nobis tempora impedit nulla. Cum nostrum sit nihil aliquam voluptates quo. Nobis numquam beatae maxime velit.','2022-04-14 00:08:59','1983-12-09 04:33:13'),(55,56,'Quia beatae illum tempora. Id earum omnis dolor odit. Ipsam alias ipsam omnis animi error nam nemo.','2014-10-06 19:34:13','1991-03-12 04:49:06'),(56,41,'Doloremque eius alias exercitationem porro nesciunt. Labore error eum ut. Molestias autem unde quasi labore enim sunt est. Quod quasi illo ut in optio dolor.','1991-09-29 06:28:14','1983-02-22 08:37:48'),(57,27,'Praesentium qui velit amet. Qui vel voluptatum est itaque odit. Adipisci dolores dolorem harum quia hic. Cupiditate sit vero harum culpa. Porro sed a ipsum.','2019-06-18 03:03:21','1982-03-07 13:54:36'),(58,44,'Et eum minus optio temporibus sit ratione deleniti. Eligendi aut alias ut aut blanditiis asperiores quisquam corrupti. Voluptatem quo voluptatibus id dignissimos excepturi quisquam. Ab sed ut a.','2006-05-05 02:39:50','1988-05-25 13:49:00'),(59,68,'Tempore voluptas non dolore possimus dicta voluptate ut. Perspiciatis et et porro optio itaque id cumque quisquam. Ut quis et cupiditate fuga et. Sapiente et a aperiam temporibus provident impedit.','1974-06-04 22:36:17','1988-05-30 04:38:52'),(60,68,'Eveniet fugiat possimus totam ducimus. Consequuntur doloribus velit blanditiis vitae eaque autem repellendus officiis. Sit sint qui tenetur sapiente magnam.','1984-05-21 14:07:46','2012-04-05 11:39:59'),(61,23,'Earum dolor inventore qui eos. Quis ut dolor numquam tempore. Eveniet culpa inventore deleniti ut eaque quibusdam. Tempore sapiente est iusto a quia sit dolorem molestiae.','1990-10-23 10:16:49','2019-12-03 11:51:41'),(62,36,'Non et enim ducimus dolor praesentium est quis. Et ea minus ea reiciendis optio aut nobis libero. Eum doloremque saepe qui qui. Nisi necessitatibus est vero voluptatum exercitationem eveniet sunt.','1974-09-09 10:34:57','2001-03-12 00:06:31'),(63,62,'Nesciunt incidunt repudiandae consequatur doloremque. Consequatur sint modi voluptatum beatae. Sed debitis blanditiis quod tempora illo beatae. Alias nulla nihil sit rem a vel.','2009-08-02 14:02:54','2016-12-31 08:56:29'),(64,9,'Recusandae commodi modi ea soluta officiis consequatur laborum. Sit quam est repudiandae rem maiores. Nam reiciendis perferendis et est.','1996-12-28 08:46:42','1982-12-18 21:52:46'),(65,6,'Optio tempore aliquid voluptate rem. Quae recusandae optio vel ut. Vel quasi sit velit est. Nostrum qui doloremque numquam quaerat natus.','1998-02-20 18:18:59','2008-03-11 18:14:57'),(66,67,'Velit ipsum quam minima. Dolorem omnis amet voluptatem expedita accusantium.','1997-07-01 21:16:18','2015-04-25 21:11:48'),(67,38,'Debitis occaecati consequatur consectetur nemo. Nostrum in minima sapiente nobis. Qui illo dolorum dolor quidem ea natus. Dicta et voluptatem sit tempora reprehenderit inventore ipsum.','2004-09-25 20:06:09','1977-05-31 16:14:20'),(68,74,'Omnis id officiis expedita qui voluptatum. Modi et sunt velit blanditiis autem explicabo et. Magni est neque non praesentium dolores deserunt.','2021-03-14 02:58:04','1994-07-31 12:10:37'),(69,81,'Et ut labore cupiditate exercitationem debitis. At veniam nemo et quae rerum aspernatur. Ut officia ut qui sapiente optio illo possimus.','2018-10-21 23:04:18','1978-09-01 00:34:59'),(70,30,'Rerum dolores quasi illum sed et. Sed maiores perspiciatis vero sapiente. Sunt ipsa distinctio in velit et id facilis. Voluptatem omnis eveniet quam consequatur aspernatur.','1997-11-14 16:52:39','1981-10-25 17:43:17'),(71,29,'Vel neque tempore earum pariatur tempora quis. Velit amet modi est aut. Mollitia quos alias excepturi sunt at. Eum expedita vel occaecati qui.','2017-10-07 23:43:19','1983-10-19 03:11:22'),(72,71,'Eum eos ipsum molestiae repellendus ut. Eos qui modi natus enim cupiditate qui quis ipsam. Dolores voluptas ut odio laboriosam nobis ipsa.','1998-07-31 23:25:31','1981-05-08 18:07:03'),(73,14,'Quo reiciendis perspiciatis sed reprehenderit delectus. Totam ipsum nisi cumque hic. Aut dolores rerum sed. Nemo ea neque ratione deleniti ipsam rem dolor.','1980-09-29 12:11:36','2021-04-19 20:22:43'),(74,24,'Ut iure vitae at dolor aliquid facere. Et rerum beatae et ipsum commodi at officiis. Possimus expedita architecto fugit dolor sunt. Id sint sunt aspernatur ullam.','1989-09-15 05:38:22','1976-02-24 20:20:25'),(75,71,'Repudiandae alias ut quia excepturi. Sit et sed est nihil blanditiis qui. Aliquid accusamus sit inventore optio in est numquam.','1979-06-26 04:58:40','2005-08-04 19:20:32'),(76,72,'Ullam quibusdam ut accusantium voluptates nostrum quia. Ipsam ullam ea dolorem. Deserunt repellendus aperiam eum. Deleniti tenetur asperiores itaque ex ut aspernatur natus.','2006-03-26 04:13:07','2020-07-23 12:33:27'),(77,70,'Delectus eum tempore eaque illum. Et sapiente aspernatur a quis est rerum voluptate inventore. Optio omnis omnis est corporis sunt eos non.','1996-10-06 00:18:25','1977-08-18 12:29:02'),(78,29,'Consectetur ut iure explicabo quasi. Nisi labore rerum voluptatibus nemo omnis. Voluptatem perspiciatis non sunt harum illo.','2021-06-02 08:10:58','1991-09-09 20:51:44'),(79,63,'Omnis eum quas perspiciatis voluptas commodi et. Qui corporis repellat voluptatem reprehenderit officia placeat alias et.','1999-09-30 01:48:35','1976-04-11 09:55:23'),(80,12,'A officiis molestiae consectetur est occaecati. Rerum ad fugiat sit sint dolorem omnis. Tempore facilis a repellat expedita dolores.','2001-01-10 14:07:37','2017-05-14 11:02:25'),(81,69,'Eos explicabo sit sed expedita. Repellendus a est omnis minus hic quibusdam quam. Quas excepturi iure assumenda non qui repudiandae. Doloremque laboriosam vitae delectus dolor.','1975-01-22 12:47:33','1984-06-26 10:11:56'),(82,72,'Rerum ea amet libero. Eos corrupti minus et magnam. Occaecati aliquam fugiat maxime natus. Harum reprehenderit ducimus et.','1982-09-14 14:13:04','1978-04-04 19:26:22'),(83,50,'Sunt sed et temporibus similique inventore. Facere doloribus et voluptas accusamus ut quod debitis. Reprehenderit perferendis et quisquam natus.','1977-01-28 10:03:20','1994-11-18 14:15:20'),(84,21,'Error quas eveniet eum. Nesciunt et ipsam aut quo amet. Amet dolorem et aliquam similique.','2012-03-04 16:15:47','2018-10-30 22:43:33'),(85,45,'Provident et tempora est natus earum consectetur sunt. Modi ratione unde consequatur. Qui aut autem voluptate quam non iste exercitationem.','2022-05-23 06:57:28','2001-10-07 09:01:07'),(86,73,'Placeat placeat dolorem quam. Placeat voluptatem asperiores aspernatur illum voluptas suscipit optio. At aliquam ullam sit quis consequatur molestiae. Provident rerum repudiandae et et aut.','2002-06-20 21:07:23','2002-06-17 17:41:44'),(87,55,'Explicabo non autem enim sint. Impedit ipsum quam occaecati ut. Dolorum corporis quisquam non soluta. Voluptates quis et odio est.','2012-01-04 09:11:06','2019-04-26 11:04:03'),(88,17,'Ullam aliquam omnis eligendi vel excepturi. Nulla eaque minus voluptatem sed sit laudantium.','1978-04-04 10:08:00','1986-04-27 08:00:36'),(89,41,'Eaque odio et temporibus. Omnis commodi quia aut illo sit magnam qui consequatur.','1992-01-21 19:10:06','1974-12-14 23:56:10'),(90,8,'Expedita adipisci debitis eius voluptatibus qui ullam explicabo modi. Culpa animi quibusdam porro ut sed voluptas accusantium. Sint in vel amet veritatis. Sit sint dolore molestiae dolores amet iure.','2014-10-26 14:56:03','2019-05-16 00:32:40'),(91,68,'Omnis placeat consequatur velit. Facilis maxime repudiandae tempore ullam. Suscipit totam consequatur expedita ut velit.','2019-04-15 07:06:34','2008-05-29 05:26:50'),(92,28,'Blanditiis qui id vel illo repellendus. Sint officiis culpa magnam quia doloremque. Nobis cum ipsam sint illo officia explicabo sint sit. Sapiente fugit sapiente eius enim quis nesciunt eligendi.','1986-03-22 04:43:18','2021-11-02 16:44:14'),(93,49,'Laboriosam blanditiis pariatur ex qui et quis pariatur. Iusto numquam ut aliquam voluptatibus. Commodi accusamus voluptas aliquam aut. Et dolore libero vitae tempore.','2016-05-26 10:58:16','2018-10-24 08:45:41'),(94,45,'Ea maxime quo minima non sunt. Error reiciendis et sint autem corporis. Quia et veritatis quibusdam aut et cum. Labore quis ab magni non non voluptatem debitis.','1976-09-05 18:38:36','1978-10-03 15:12:43'),(95,25,'Dolorum expedita architecto maiores esse corporis. Praesentium repellat natus perferendis voluptatem laborum sunt dolorum. Aut placeat suscipit quaerat tenetur.','1982-10-15 03:37:34','2011-05-01 07:02:41'),(96,52,'Eveniet aspernatur esse minus sed impedit. Et blanditiis quia tempore mollitia quis eos aut. Dolor quibusdam deleniti rerum placeat.','1970-10-14 11:02:36','2000-11-12 01:04:29'),(97,92,'Fuga adipisci cum ea temporibus totam accusamus debitis. Quo pariatur nemo at praesentium eveniet quidem illo. Dolorem cum qui sit soluta et in. Consequatur corrupti illum consequuntur.','1972-05-12 04:02:22','1972-04-03 02:50:10'),(98,85,'Sequi repudiandae possimus sit error odit mollitia deserunt. Dolorum autem molestiae est ullam. Molestias quaerat possimus sed doloribus.','2016-01-10 08:13:23','2009-11-09 02:20:08'),(99,7,'Est facere aut amet fugiat magni incidunt. Laborum enim voluptas nesciunt ex autem sit ut. Omnis quis sunt in nesciunt. Esse aut veritatis aperiam. Sit repudiandae placeat libero sequi et.','2008-05-22 21:54:13','1976-06-10 20:36:46'),(100,50,'Incidunt explicabo numquam commodi nihil consequatur. Quo voluptates assumenda dolores id quia maxime. Inventore totam et necessitatibus quod.','1989-02-14 11:25:14','2021-12-04 17:37:52'),(101,7,'Nulla accusantium perferendis qui modi blanditiis impedit. Alias vero nam nihil placeat in necessitatibus labore. Enim et esse ut est.','1975-01-17 22:49:16','1970-05-31 16:32:03'),(102,36,'Dolores occaecati voluptas tempore dolores aspernatur corporis consequatur. Dolores dicta expedita vitae. Ut id earum qui pariatur aperiam voluptatem.','1999-08-12 13:23:17','2013-03-14 16:30:05'),(103,41,'Quos consectetur ad quae enim et. Qui aspernatur aliquid recusandae placeat est.','1972-03-30 04:45:19','2007-08-31 08:44:01'),(104,75,'Error vel qui temporibus quia aut. Occaecati sit dolorum nihil. Rerum consequatur aut tempore ad in nemo. Cum laborum temporibus possimus temporibus molestiae ea.','2013-08-24 18:01:55','2019-01-29 05:37:07'),(105,9,'Culpa quis placeat omnis est eveniet facilis natus et. Error ut ea eligendi atque accusantium sunt. Quisquam consequatur et pariatur quisquam non.','2007-02-04 04:14:13','1998-12-17 16:19:12'),(106,75,'Minima corporis sapiente ipsum. Non quod quisquam eaque ut autem ipsum. Quasi nemo necessitatibus quos.','2013-03-13 01:14:25','1982-12-01 15:12:02'),(107,32,'Voluptate dicta et et repudiandae et hic rerum fugiat. Omnis dolor maxime et ad. Quia voluptas eaque itaque dolor vero.','2006-07-26 18:54:04','1997-07-12 13:09:22'),(108,1,'Eaque dolore repudiandae ipsum. Consequuntur quod asperiores minus ullam in. Magni sed mollitia non sit aut vel. Et ipsa aut officiis debitis consequatur laudantium eos aliquid.','2013-10-09 09:56:11','2001-06-05 11:35:20'),(109,17,'Autem iusto omnis ipsam eveniet quis. Tempora magnam placeat dolores totam a placeat. Iste deserunt officiis ut voluptatem atque.','2019-07-02 16:20:36','1982-07-24 00:15:34'),(110,74,'Quidem iusto consequatur aut sed. Hic quas debitis temporibus deserunt. Qui deserunt nobis est rerum reprehenderit beatae.','2005-10-06 07:49:19','2005-10-08 03:25:00'),(111,73,'Nostrum in harum alias minus aut. Eos et id quo. Repellat explicabo culpa quidem sequi quia incidunt officiis.','1992-10-21 18:55:39','2020-12-16 14:25:50'),(112,42,'Et eos aperiam voluptatem quae. Libero consectetur sit nemo et. Ex repellat perspiciatis dolor veniam ea et. Qui et non animi debitis sequi.','1985-07-26 19:47:57','1971-04-14 10:13:12'),(113,2,'Necessitatibus excepturi quidem officia suscipit aut. Odit repellendus debitis numquam doloremque ut aut fugit velit. At iusto aut quam maxime dicta. Quos temporibus hic sed a nemo qui.','1993-07-10 07:22:12','1973-12-02 15:24:22'),(114,90,'Exercitationem aut qui provident. Magnam ad quod tenetur voluptas. Odit et accusamus iure illo dolor.','1972-08-30 05:00:50','1980-05-22 16:58:21'),(115,11,'Ratione et recusandae et et. Recusandae necessitatibus sunt voluptate aut ut. Culpa dolore unde rerum.\nSit excepturi nulla ex id totam autem. Laudantium labore illum non. Non excepturi facere quae.','1979-06-13 13:40:38','1974-11-06 20:11:10'),(116,99,'Unde tenetur atque quia ab in. Ea exercitationem est laudantium asperiores dolor est iusto. Molestiae porro culpa aperiam. Quod sunt odio ab.','1996-06-19 08:40:12','1971-06-20 01:11:00'),(117,7,'In nihil labore est ut numquam. Delectus molestiae vitae natus ut.','1998-05-08 19:44:05','2019-11-03 09:55:26'),(118,85,'Enim vero voluptas in aspernatur libero qui voluptas. Dolores aspernatur delectus enim non ut. In ratione saepe doloremque eligendi ea nobis.','1994-02-23 17:49:11','1998-03-29 23:08:35'),(119,76,'Corporis qui qui et sit accusamus alias voluptatem recusandae. Repellat provident quia excepturi a. Consequatur et sit omnis tempora quasi quo. Quo est recusandae molestias iste nemo.','1979-07-23 18:40:11','2006-03-24 05:23:47'),(120,33,'Vel et nihil qui et ut. Ullam quod eligendi at inventore distinctio ab.','2004-11-20 08:06:39','1989-11-03 18:22:12'),(121,57,'Omnis harum quisquam non repellendus. Nobis quo ut qui nulla expedita ut. Aut fugit voluptatem amet quas ipsum vitae qui. Dicta consequatur quo doloremque iure consequatur.','2021-06-27 00:16:00','2016-12-15 05:27:32'),(122,19,'Eos commodi vel et et culpa commodi exercitationem beatae. Placeat laborum ex cupiditate. Repudiandae qui ut fugit enim.','1975-10-18 07:52:10','2014-02-24 00:41:47'),(123,3,'Asperiores dolorum necessitatibus commodi autem quod. Sed error et impedit totam quibusdam. Omnis incidunt sint ducimus dolore facere odio.','2001-06-11 01:12:14','2012-01-04 08:56:22'),(124,42,'Voluptatum dolor modi praesentium dolorem. Non omnis iste quisquam deserunt labore.','1991-09-24 14:14:30','2009-12-23 01:58:45'),(125,11,'Corrupti repellat modi ut enim est. Veritatis vitae nulla at ad ipsam unde. Ipsum quia minus voluptatem delectus voluptas enim nostrum.','1997-02-14 03:04:07','1977-05-18 19:37:37'),(126,48,'Laboriosam qui iure exercitationem sed velit. Impedit iure iusto nisi. Sint accusamus sed ut eum deleniti quos adipisci. Et et itaque iusto possimus laboriosam quis. Voluptatem quam labore nulla.','1997-04-25 19:22:29','2017-12-09 23:25:41'),(127,67,'Atque incidunt magnam quibusdam dignissimos debitis voluptatum. Aliquam corrupti deserunt cumque quis. Rerum quas perspiciatis repellendus. Blanditiis consequatur eligendi in non.','1984-09-18 00:40:48','1977-11-29 04:30:03'),(128,62,'Officiis animi ullam illum aut quia nemo eligendi. Consectetur quam nihil mollitia. Rerum dolore officiis maxime repellat et quis quam.','1971-04-25 03:47:48','1993-02-05 10:24:03'),(129,41,'Sunt quas suscipit iusto. Commodi qui assumenda nulla sint corporis asperiores quia. Pariatur iste est at.','2012-03-20 18:39:29','2020-12-21 14:09:38'),(130,2,'Dolore dolorum esse delectus veritatis. Explicabo rerum cumque sit ea. Est error fugiat laudantium quis aut eum.','2015-04-26 22:33:45','1983-11-16 22:22:30'),(131,77,'Totam eos voluptatem ut qui. Optio est voluptatem rerum recusandae.','2018-06-06 17:53:42','2004-12-18 16:42:13'),(132,15,'Aut sint porro laborum praesentium rerum sed fugiat. Et adipisci illo aspernatur.','2009-06-12 18:07:53','1992-05-17 06:23:58'),(133,18,'Nulla qui dolorem minima ipsa sit. Illo saepe quae earum consequuntur adipisci eos quia. Cumque et dolore vero sit non aliquid praesentium. Dolore magnam ut ipsam quo et qui ratione vel.','2019-10-07 05:47:50','2008-03-29 07:27:06'),(134,77,'Ut asperiores illo officiis consectetur delectus. Repellendus molestiae quia quae consequatur. Illo minus qui doloremque sed explicabo eum. Est mollitia quia accusantium ex id enim.','2011-07-06 02:54:31','1971-08-19 03:24:51'),(135,53,'Fugiat ut et sint dignissimos. Nisi sequi sunt vitae consequatur aut vel debitis quam. Tenetur eum eum molestiae officiis suscipit ut magni.','1988-03-04 21:26:21','1981-11-20 20:41:22'),(136,75,'Fugiat est dolores doloremque cum aut non qui. Voluptate qui velit alias animi commodi velit. Qui quia praesentium cupiditate. Explicabo reiciendis alias quia dolore et omnis vitae tempora.','1981-04-08 05:41:14','1987-05-26 07:14:38'),(137,51,'Nihil nesciunt repellendus aut a explicabo et aut. Temporibus tempora eum ad. Commodi sed quia est corrupti. Et similique fugiat nostrum sint at eveniet.','1973-08-19 03:46:21','1979-03-09 07:31:11'),(138,39,'Minus sed non ipsa temporibus assumenda. Quo ad sed impedit. Ut voluptate et recusandae consequatur. Atque perspiciatis dolorem ea cum perspiciatis.','1983-06-05 11:17:44','1981-03-06 22:00:22'),(139,30,'Aperiam placeat fugiat ea eos ipsa veniam. Eaque veritatis assumenda hic est officiis.','2021-04-15 23:09:03','2011-08-06 15:07:54'),(140,95,'Alias sunt qui veritatis consequuntur cumque dolore. Eveniet qui odit qui eos laborum minima praesentium. Deleniti est eum ut et dolore repellat. Sint ut tempore similique temporibus.','1976-05-10 01:51:24','1988-08-25 12:25:28'),(141,5,'Eligendi aspernatur voluptates quia ut. Quo necessitatibus dolores asperiores. Velit fugiat facilis impedit veniam ipsam expedita.','1982-05-13 00:30:57','2006-12-20 00:31:52'),(142,26,'Rem autem dolorem rerum. Modi qui cumque autem ullam qui. Et voluptatum voluptates nihil qui aut dignissimos non. Et illo a ex id dolor tenetur.','1988-07-25 07:01:23','2009-10-26 06:09:27'),(143,4,'Facere odit quasi occaecati corrupti consequuntur omnis eum. Aut omnis vero sunt laudantium. Velit libero quidem sint molestiae molestiae. Nobis blanditiis velit deserunt quae magnam.','2021-03-13 17:37:17','2022-12-10 12:26:57'),(144,83,'Maiores omnis velit non consequatur qui. Possimus rerum sint unde deserunt omnis. Nulla ipsum ut et aut sequi.\nAperiam totam dolore assumenda. Quo natus rem nihil aut.','2020-04-05 23:34:29','2016-08-30 23:26:42'),(145,76,'Porro assumenda ducimus sint et et ut. Id repellat ipsam provident temporibus tempora et omnis nulla. Ea iusto ut quis velit odit et fuga.','2017-01-05 22:48:23','2018-08-30 01:56:04'),(146,91,'Velit ullam quo quidem autem et. Ut quam dolorem atque est nihil nisi veniam. In explicabo cupiditate qui.','1975-08-02 19:20:01','2009-06-21 03:28:53'),(147,22,'In quo voluptatem dolores. Deleniti et est placeat eos eius.\nTotam labore vel labore velit id. Fuga dolor sunt modi laudantium et.','2019-09-30 17:03:40','2003-12-12 22:49:37'),(148,70,'Sapiente est voluptatibus ab expedita tenetur. Omnis qui eveniet est mollitia provident. Quo ratione quod qui minus. Veniam esse aut sed quia aut.','1978-09-21 05:09:05','1991-12-17 13:56:41'),(149,85,'Eaque ut dolorum molestiae quia provident numquam quos velit. Illo sunt incidunt qui unde. Distinctio eos id doloremque ipsam ipsa asperiores sint. Qui numquam vel est voluptatem.','2016-01-06 02:18:25','1985-05-10 12:07:42'),(150,22,'Quo quod debitis aut. Et occaecati aut similique ut minus vitae odit fugiat. Sunt perspiciatis animi hic doloribus aut sunt. Voluptatibus voluptate recusandae cumque odit.','2022-08-03 21:03:10','2007-09-10 21:19:06'),(151,89,'Necessitatibus ratione qui facilis ullam qui possimus cum. Optio sit quo magnam et quia sit. Dicta sed quo consequuntur neque laudantium.','1988-05-04 19:34:19','1990-09-09 14:45:41'),(152,73,'Rerum et consequatur sunt tempora. Quia ab consequatur qui. Et sit ut culpa nulla vel dolor.','1992-11-05 07:09:29','1990-01-21 05:31:35'),(153,34,'Est non occaecati voluptatem animi aliquam. Sed et nam autem.','2012-06-25 04:37:25','1979-02-08 23:44:01'),(154,64,'Impedit corrupti aut provident fugit odit. Vel dolorem voluptatibus itaque animi provident est voluptas. Autem asperiores nam animi qui. Quia delectus fuga consequatur.','2016-08-12 12:24:10','1982-03-14 21:47:01'),(155,57,'Quos commodi qui maxime et. Eveniet quia eaque eos ut eaque eos provident. Voluptatem assumenda ipsa libero. Sed mollitia qui expedita. Autem dolorem occaecati id deleniti.','2023-04-27 04:40:11','1978-07-07 01:13:39'),(156,85,'Minima praesentium consequatur itaque voluptatem harum quod et. Iusto omnis doloremque numquam commodi error cupiditate. Maxime non quis eum.','1996-04-17 02:36:01','2019-11-12 22:51:18'),(157,53,'Ut amet aliquid maxime animi dolores. In praesentium dignissimos qui eius. Facere aut eum voluptatum quidem consequatur aut.','2006-02-18 12:11:33','2003-05-29 19:14:35'),(158,21,'Ratione unde quos quam facere. Dolor omnis vel rem beatae. Illo eaque voluptates sit. Et ipsam temporibus aut quia. Quod eos soluta itaque ab veniam provident.','1985-12-10 10:38:20','1973-01-20 04:45:36'),(159,55,'Et dolores minima qui aliquid earum dolor. Dolore culpa rem quis voluptas fugiat mollitia et dolor. Numquam ducimus excepturi adipisci rem eius. Vel quam et libero dolorem.','1970-08-12 20:05:40','2007-05-07 13:32:49'),(160,65,'Eligendi non similique deserunt sit. Qui qui porro blanditiis ipsam nam nobis labore ullam.','1988-11-19 11:49:21','1986-03-10 23:58:30'),(161,30,'Sit voluptatem quidem enim itaque voluptates. Accusantium iure nam fugit fuga aut. Sit sint incidunt sit repellat exercitationem atque. Quis corporis esse quo veritatis.','1987-12-10 13:36:04','2012-10-25 17:14:05'),(162,57,'Atque aliquid cupiditate et ab natus suscipit. Maiores eos officia qui cupiditate recusandae quod. Nostrum laudantium reprehenderit tenetur optio qui rerum vel.','1978-12-12 03:48:50','1991-03-24 04:48:14'),(163,53,'Consequatur quod hic ex quos expedita. Corrupti eveniet ullam aperiam aut aspernatur. Autem culpa numquam ut minima qui enim dolorum. Quod quisquam dolorum sint. Id sit et assumenda et blanditiis.','1974-01-19 23:49:13','1978-03-14 01:16:38'),(164,96,'Dolorem tempora excepturi id autem et. Enim non qui possimus sed eos. Aut et temporibus enim at et.','2005-02-13 08:32:15','1977-03-21 09:00:28'),(165,81,'Assumenda aperiam enim iusto et maiores molestias. Sit cum tempora dolorem officiis. Aspernatur sed et nihil veritatis incidunt quo. Ea rem quasi et repellat.','1972-10-21 12:00:11','1975-12-24 21:10:54'),(166,3,'Ducimus enim voluptatem tempore quia ut. Cupiditate temporibus sit aut. Repellendus temporibus aspernatur voluptates ut quia dolores illo.','1975-09-14 06:46:08','1994-06-15 14:29:50'),(167,68,'Doloribus blanditiis praesentium adipisci iure qui. Aut sit aut repellat incidunt omnis vel dignissimos. Nisi reiciendis suscipit dolorem consequatur vitae.','2020-05-17 01:59:49','1992-03-31 23:04:00'),(168,19,'Facilis modi quaerat cupiditate et non nostrum. Sit omnis nihil ducimus et vel. Vel porro inventore et fugiat sunt nisi. Aut nihil delectus porro quisquam odio maiores.','2010-03-19 23:18:08','1982-04-28 05:46:16'),(169,73,'Quasi delectus dolor amet voluptatem. Accusantium rerum enim dolorem magnam. Cumque qui aut sunt recusandae porro accusantium.','1996-10-05 22:32:12','2006-05-02 21:02:31'),(170,32,'Atque natus accusamus numquam distinctio rerum eum quia. Fuga et suscipit veniam repellendus. Vero voluptatibus magni quidem soluta est est dolores occaecati. Necessitatibus commodi est enim et.','2007-11-18 16:03:16','2003-01-17 08:00:39'),(171,99,'Voluptate consequatur at aut et assumenda quaerat. Laboriosam molestiae cum aliquam tempore. Est alias nostrum atque.','1990-06-11 18:10:50','2020-11-16 19:15:06'),(172,96,'Non est odit amet aut voluptatem est quia. Facilis minus qui alias error et saepe error. Quibusdam iusto eos et tenetur numquam explicabo explicabo.','1995-03-11 12:21:27','2015-05-12 18:19:16'),(173,37,'Corporis modi sunt eligendi cum. Quod aut rem iste rerum. Numquam quam dolorum exercitationem accusantium.','2013-09-06 15:22:24','1981-04-03 19:18:04'),(174,18,'Sed omnis quis velit modi est. Voluptate ad eum vel ut suscipit mollitia est. Ea consequatur magni molestias dolores ipsam.','1980-04-08 01:35:03','2022-07-29 04:43:05'),(175,16,'Odit recusandae est aut autem. Eaque rerum quos quis. Iste voluptatibus repellendus ullam sit illum ullam et sit. Aut id dolorem nihil quia eveniet eius dolorem.','1993-05-19 22:12:57','1997-03-13 08:08:14'),(176,78,'Voluptatem rerum delectus nulla voluptatem. Aut similique voluptas ea pariatur voluptas ad. Natus excepturi numquam laborum cum nihil.','1981-08-05 05:13:54','2000-06-04 15:57:58'),(177,58,'Tempore sapiente vero unde incidunt. Sint ipsam iusto nesciunt est quos et. Perferendis incidunt corporis accusantium voluptatem. Quae corporis culpa dicta non.','1970-05-19 04:46:19','2003-06-24 02:54:58'),(178,34,'Maiores quaerat quibusdam alias voluptas. Est et totam et.','2015-12-19 17:16:45','1992-06-08 13:48:37'),(179,24,'Optio exercitationem architecto numquam iure voluptatem fugit. Ad recusandae voluptate ut.','1986-08-27 12:30:36','1992-05-23 04:35:11'),(180,52,'Ipsum harum deleniti optio ea quidem nisi error itaque. Et sit hic dicta nisi ut culpa repellendus. Excepturi accusamus sint consequatur doloremque repellendus quisquam.','2007-05-13 19:55:59','1980-02-24 22:03:33'),(181,2,'Sint dolores praesentium adipisci optio possimus consequatur. Voluptatem voluptas fugiat voluptatem nam. Ratione voluptatem repellendus ut quo. Quaerat sapiente est ut quaerat.','2012-07-08 17:30:42','1970-12-05 00:47:56'),(182,41,'A perferendis error maiores. Et nam asperiores minima repellendus exercitationem. Esse consequatur qui et ut ut nulla odio.','2005-01-11 04:28:28','1982-09-27 12:12:16'),(183,96,'Est aspernatur maiores unde ut alias omnis excepturi. Nostrum quo ut voluptatem. Ut et id distinctio dolore est. Omnis quis exercitationem quia animi.','1981-06-30 02:20:20','1991-08-02 08:20:54'),(184,39,'Eum ut veritatis odio vel doloremque vel et error. Placeat saepe perferendis aperiam accusantium iste quia esse. Dolore et ipsum distinctio consequatur modi est voluptatem.','1994-07-21 14:35:48','1999-07-14 13:17:34'),(185,98,'Excepturi natus nesciunt earum cupiditate. Dolore nesciunt enim adipisci consequuntur. Suscipit vel nihil commodi. Molestiae corporis vitae consequatur eum.','2001-12-07 01:05:18','2002-11-19 16:36:50'),(186,92,'Quasi provident possimus eum sunt. Expedita sapiente omnis pariatur repellat fuga velit. Et sed quaerat nostrum fugiat.','1971-11-12 21:01:01','2015-07-03 05:01:55'),(187,40,'Est eum doloribus ut laudantium officiis itaque. Impedit harum sint itaque sit at aut rerum. Unde dolores modi consectetur tempora iste alias odit.','2018-07-26 10:08:11','2008-11-28 08:06:01'),(188,24,'Voluptas quae et dolor aut eius suscipit. Quaerat similique et occaecati ut ipsam. Minima deserunt quo harum reiciendis.','1987-12-28 21:46:44','2019-12-12 13:24:07'),(189,17,'Hic et ipsam voluptatem voluptatem voluptas. Earum sunt in tenetur. Provident consequatur necessitatibus id amet excepturi corrupti. Quae totam voluptatem inventore facere ab.','1970-06-19 20:49:48','1996-06-03 13:25:16'),(190,56,'Voluptatum non qui laboriosam nemo aut vel quas. Vero pariatur consequatur non nihil odio facilis. Eos pariatur facilis id. Accusamus in voluptate in quaerat nihil autem illum rerum.','2008-03-16 20:13:24','1989-07-28 17:48:45'),(191,27,'Architecto iure tempora nesciunt. Voluptatem delectus ad est cupiditate. Qui ut perspiciatis odio iure non aliquid.\nOfficiis exercitationem magni hic est quasi nam. Expedita illum et cum molestiae.','2011-03-02 23:03:44','2016-03-22 20:42:52'),(192,98,'Fugiat asperiores molestiae accusamus sunt. Enim sint nobis quos iusto et maxime. Voluptate dolorem error eveniet accusantium. Iure nostrum est soluta asperiores ut ea ducimus.','1972-02-04 19:05:48','1989-02-03 05:34:48'),(193,52,'Totam facilis ut ipsam corporis. Saepe ut harum unde. Dolorum impedit nihil sed libero maxime.','1985-07-13 11:48:24','2003-06-30 12:49:58'),(194,87,'Nisi tempora consequatur veritatis consequatur illum a et. Amet aliquam ut ut ducimus. Perferendis nam qui quibusdam. Sint architecto quia voluptate qui enim quae qui voluptatum.','2020-06-22 05:45:20','1988-05-27 12:55:18'),(195,41,'Optio velit quidem sunt exercitationem accusamus. Ducimus reiciendis eius aut laboriosam totam. Commodi doloribus consectetur aut non illo aut. Quia est quia voluptatibus dicta voluptatem laudantium.','1996-07-05 19:03:05','2017-08-06 08:33:08'),(196,47,'Qui non laboriosam quia sed praesentium possimus. Harum iusto repellat deserunt. At et non autem expedita iure.\nAccusamus sint nihil consequatur totam. Enim et atque accusamus expedita.','1970-06-24 21:58:42','1992-02-02 22:30:46'),(197,83,'Ut enim aut ut vel sed. Impedit nihil recusandae non distinctio.','2019-09-25 09:04:50','1987-11-16 06:33:17'),(198,12,'Hic eos nesciunt est quasi rem doloribus. Molestiae occaecati molestiae harum quidem officiis alias hic quis. Minus numquam at occaecati necessitatibus rerum eum nihil.','1998-03-23 02:19:08','1982-01-16 15:01:57'),(199,51,'Sint odio iste repudiandae consequatur vel. Maxime molestias blanditiis odio. Vero repellendus placeat dolorum numquam quos. Sunt modi quidem molestias sint.','1974-11-23 06:48:16','1970-09-28 06:51:56'),(200,21,'Omnis voluptas sunt delectus inventore. Quasi impedit quia rerum. Quas quia magni voluptas ut. Et asperiores eos incidunt vel esse voluptatem culpa. Velit atque illum totam.','1982-07-21 21:58:50','1981-08-24 15:28:15'),(201,82,'Et vel et laboriosam rerum incidunt dolorum nostrum. Ipsam voluptates et nobis velit molestiae possimus ducimus.','2011-09-20 01:10:15','1971-09-15 14:55:16'),(202,84,'Facilis aut perferendis numquam alias labore et eveniet aut. Tempore asperiores dignissimos eos consequatur totam. Sint nisi in porro beatae dignissimos.','1983-07-22 02:30:16','2010-04-23 15:04:50'),(203,30,'Magni nam iure ab id sint omnis. Impedit minima vel officiis qui accusamus. Rem nesciunt at placeat et optio ea. Rerum repellendus dicta neque quia.','1971-04-08 23:40:54','2018-02-06 19:27:28'),(204,60,'Amet quo voluptates qui eaque explicabo cum. Quos aut consequatur rem ab. Repellat deserunt nihil ea. Qui dolorem amet et ea et quia optio illo.','1999-12-07 21:11:53','2015-10-11 08:51:37'),(205,90,'Voluptate numquam ducimus itaque est repudiandae. Eveniet et facilis ipsa et sed. Ut non odit perferendis voluptatem.','1985-05-21 20:00:45','2010-01-23 01:40:59'),(206,73,'Illum et debitis aperiam aliquid culpa. Possimus consectetur provident dicta sunt ipsam tempore. Est sint nesciunt nisi quibusdam laudantium.','2013-10-28 17:37:33','2021-03-31 21:40:53'),(207,51,'Ipsum ratione sed doloremque doloremque. Totam voluptas corporis officiis similique voluptatem ratione adipisci. Velit voluptatem vel eligendi amet.','1977-09-12 13:40:45','2014-12-20 23:40:33'),(208,67,'Rerum voluptas et et iste. Non tenetur voluptatem blanditiis ea. Qui magnam quam architecto blanditiis quo blanditiis ullam.','1982-09-08 08:47:22','1973-11-13 22:42:41'),(209,44,'Itaque et officiis consequatur eos iusto explicabo. Id facere voluptate perspiciatis placeat repellendus sed. In et dolorum nobis sed quam hic repudiandae.','1976-12-30 03:30:51','2021-02-12 16:34:11'),(210,82,'Dolores dicta excepturi ullam. Aspernatur in commodi minus ipsum. Quis fugit molestias facere assumenda nulla.','2007-09-16 02:13:53','1980-03-04 03:39:36'),(211,62,'Eveniet modi cupiditate perspiciatis et non. Dolor laboriosam voluptates iste illum officiis. Et praesentium qui eum eos.','2017-11-13 15:24:50','1976-04-18 16:08:17'),(212,63,'Quia ut deleniti saepe et expedita atque aperiam. Voluptate deleniti delectus eum consequatur. Sequi corporis deleniti nobis voluptatem.','1974-12-09 04:14:49','1991-12-16 21:30:32'),(213,76,'Dolorum aut cupiditate et in sunt reprehenderit quam. Ut suscipit qui et velit. Voluptas provident necessitatibus assumenda qui deserunt. Fuga tempora quas sed voluptatem cupiditate.','1981-11-25 01:14:39','1995-02-17 09:03:08'),(214,92,'Voluptatem corrupti excepturi quis. Ipsa ipsam dolore tenetur tenetur beatae velit. Culpa est consequatur veritatis nostrum ratione.','1980-06-18 17:40:42','1988-11-07 15:15:58'),(215,32,'Porro beatae eum ut facilis. Harum fuga enim voluptas adipisci. Quos et dolorem blanditiis eum autem.','1977-01-19 16:56:38','1975-12-18 05:15:17'),(216,29,'Autem quis provident rem et similique inventore. Exercitationem quidem repudiandae et et non itaque. Molestiae aliquid eum voluptatum alias in.','2011-06-10 04:26:36','2013-08-23 21:32:10'),(217,10,'Rerum velit dolorum ut perferendis. Aut id et asperiores ut enim est nisi.\nQuia repellat consequatur velit dicta similique earum. Voluptas voluptatem quia nesciunt. Vel in ex aspernatur.','2010-01-30 15:56:31','2016-07-26 21:53:39'),(218,36,'Ducimus sint soluta placeat est sit. Rerum recusandae nihil ut consequatur ipsum magnam. Qui accusamus minus impedit hic doloribus velit.','1991-12-07 10:23:01','2017-09-03 19:07:42'),(219,83,'Culpa illo molestias officia. Laudantium deleniti ut adipisci aliquam vel atque. Totam quasi fugit explicabo quae esse voluptatibus. Voluptatem sed facilis facilis aut.','1999-07-30 03:06:11','1996-10-09 16:59:52'),(220,85,'Alias sed qui ut quis at dolores. Dolore aliquid ratione nesciunt aut sed. Qui est ut nisi vitae ullam corporis.','1975-09-22 10:37:29','2007-08-07 14:25:35'),(221,98,'Nemo impedit qui aliquid dolorem autem molestias in. Necessitatibus tenetur voluptas ut qui est non. Ullam sed in quam porro quia quia error.','1985-11-04 10:24:24','1991-08-08 14:16:23'),(222,11,'Culpa a voluptatem aut impedit. Ut ut quas quis aut. Soluta sed sit non labore et.','1993-06-11 01:03:56','2002-08-07 02:34:55'),(223,19,'Exercitationem ut molestias dolores nihil corporis voluptatibus rerum. Odio qui qui qui error dignissimos exercitationem.','1993-07-25 10:14:00','1981-05-30 23:30:54'),(224,78,'Ut rerum est velit magnam fugit possimus. Excepturi ipsa dolor voluptas. Tenetur est consequuntur et sunt magnam. Iure et voluptatem modi voluptatum velit.','1974-09-17 21:10:30','1979-02-12 23:17:51'),(225,74,'Ut iusto omnis et architecto non et rerum. Libero qui labore fuga nam libero quibusdam magnam maxime. Rerum minima numquam minima aut vel natus quibusdam.','1982-08-30 13:38:26','2019-12-11 20:54:17'),(226,93,'Pariatur fugit sunt neque dolor quia qui. Qui doloribus porro nulla velit quidem. Recusandae qui aut qui dolor voluptate doloribus qui.','1982-06-09 12:59:06','2022-07-15 16:15:33'),(227,59,'Quo ullam magnam distinctio hic. Et qui quo iure aut omnis autem exercitationem. Numquam non sequi molestiae ipsum illum.','2007-03-17 03:41:54','1990-07-05 13:10:46'),(228,22,'Quis nam qui pariatur non sed. Voluptatem autem deleniti voluptates aut odio tempore consequatur. Eos qui quas dolor id.','2015-02-03 16:15:23','1999-12-12 01:45:23'),(229,89,'Vel quam similique aut sapiente aut totam. Ipsa nihil et dolores. Et voluptates eaque omnis est.','2012-12-11 02:58:06','2018-07-03 01:32:29'),(230,86,'Nihil et quo beatae. Magnam est et temporibus molestiae beatae. Provident ipsum quod ipsam architecto exercitationem. Iusto quibusdam dicta labore eius.','1980-05-27 15:12:16','2002-08-19 09:17:02'),(231,42,'Eum enim saepe illum doloremque. In aspernatur porro repellat odit. Minus est placeat vel vel dolore.','1970-02-21 16:19:58','1983-04-06 10:07:04'),(232,96,'Voluptas natus aspernatur sed recusandae enim. Qui consectetur molestiae aut nisi asperiores et. Sit in nihil illo et rerum. Occaecati ratione asperiores sit est quae voluptates repudiandae impedit.','2023-04-26 14:31:44','1981-10-28 11:34:36'),(233,29,'Ea repellendus placeat quaerat. Magnam aut voluptas quaerat.','2023-05-10 18:58:42','2010-11-12 07:15:04'),(234,62,'Ut voluptatem sit ut sit ipsum quia est. Maxime ut est debitis sequi quia minus. Ad accusantium dolore neque rerum voluptas cum. Dignissimos quaerat debitis sunt iure non.','1989-06-06 23:02:53','1999-03-07 02:49:08'),(235,62,'Repellat fugiat nihil facere ea est. Consequuntur maiores dolor porro sunt qui nulla. Ut excepturi iste sint qui.','1996-06-08 06:18:28','1985-05-23 08:19:01'),(236,86,'Distinctio quae perspiciatis dolorem eos. Ut dolor quod dolorum alias rerum aut temporibus. Odit itaque a velit. Amet dolore incidunt debitis.','2013-04-28 17:44:25','1982-10-17 11:21:12'),(237,81,'Et tempora ea et harum quia ut laboriosam. Tenetur totam placeat aut minima vel odit nihil.','2019-09-20 16:55:29','2000-01-09 20:09:27'),(238,12,'Facere libero ut praesentium quia. Qui impedit vel aut. Eligendi atque ea consectetur. Sunt iste et minima facilis quia sunt sed repellat.','2022-09-12 13:48:54','1996-08-12 10:06:49'),(239,56,'Ut laborum omnis sapiente a eius. Nulla rerum est quas est dolorum deserunt. Eos in sed sed aperiam placeat. Id provident sequi porro ut quis quas tempora.','1991-10-18 04:54:03','1976-10-13 19:05:22'),(240,3,'Accusamus fugiat est eius inventore laborum cum ut. Sed laboriosam molestiae consequuntur ipsa hic eius ducimus. Qui esse optio consequuntur consequatur.','1995-01-24 04:31:28','1994-11-20 16:31:40'),(241,3,'Non deleniti ut accusantium. Consectetur fugiat rerum voluptas eligendi. Voluptatum et et veniam reiciendis omnis repudiandae. Vitae expedita eum velit dolor omnis cumque consequatur.','2010-06-11 14:00:55','1977-08-04 05:19:37'),(242,8,'Sit minus et asperiores aut. Doloribus neque voluptates ex. Ratione ea quo sit cupiditate exercitationem exercitationem ducimus aut. Voluptatem doloremque culpa fugit quia.','2012-05-27 08:22:10','1983-05-19 21:28:38'),(243,20,'Hic ratione pariatur commodi sint dolore et. Laudantium reiciendis eos et odio ipsum harum distinctio. Ut similique suscipit quos est optio sit. Sed hic ut exercitationem voluptates nihil error eum.','2021-06-10 15:12:49','1970-10-12 22:07:04'),(244,81,'Delectus harum assumenda nobis pariatur. Corrupti recusandae quo et sapiente itaque. Non sit asperiores saepe ipsam.','1977-11-23 08:14:40','1996-12-17 02:20:43'),(245,15,'Recusandae rerum dolorem libero illo praesentium consequatur. Libero eos numquam in corrupti doloribus dolorem aut. Qui molestiae et sapiente maiores temporibus molestiae itaque.','1975-09-05 04:49:29','2001-11-17 09:26:53'),(246,35,'Eveniet ab omnis nam et odio. Consequuntur veritatis qui eum. Mollitia consequatur labore nihil eius necessitatibus id. Autem ut et ut numquam.','1987-02-22 21:55:02','1991-05-16 21:37:56'),(247,34,'Aperiam totam voluptatem sapiente officiis qui. Commodi non quibusdam quibusdam necessitatibus voluptatem harum. Est accusantium neque quos qui minus molestias.','2020-05-13 19:36:13','2006-06-22 16:58:17'),(248,2,'Ut tenetur possimus eius sint libero non non qui. Ea incidunt ex veniam nulla dolorum accusamus nulla. Optio laborum est nostrum doloribus fuga sint non.','1974-02-11 00:41:30','2006-05-05 18:24:14'),(249,64,'Inventore id ut et consequuntur. Consequuntur in maxime sapiente est. Aut sed est reiciendis qui excepturi saepe quia.','1983-12-08 19:47:23','1993-10-21 04:43:16'),(250,38,'Earum id aut cum eos. Distinctio voluptas itaque repudiandae quia tempore. Veniam veniam et officiis vel. Quod aperiam molestias optio vero et nesciunt aut enim.','1982-09-24 03:47:04','1978-04-10 02:10:06'),(251,43,'Occaecati et consectetur recusandae qui ut. Hic nesciunt nobis voluptas molestiae consequatur. Ab rem quam officia tempore culpa quisquam.','1976-01-28 18:11:10','1983-04-16 07:37:04'),(252,55,'Illo consequatur quia voluptas quia. Ex dolorum quibusdam omnis eos. Vitae sit aperiam illum ullam.','2009-12-28 23:15:36','2013-10-27 23:47:43'),(253,54,'Ea esse nisi consectetur aut sequi aut beatae. Id molestiae repellat et ut est recusandae ut. Quia eum quisquam fuga ut. Ipsa omnis maiores ut rerum voluptas est.','1991-01-09 14:42:42','1979-08-12 09:05:37'),(254,57,'Et aut fugit repellendus laudantium. Non harum labore quis et nulla fuga dolorum. Cupiditate quia quidem ut quasi.','2020-09-01 11:15:05','1975-07-22 16:37:42'),(255,17,'Et nisi beatae commodi dignissimos. Exercitationem fugiat et repellendus assumenda. Non eveniet ipsa illum eos sequi.','2011-07-03 23:28:08','1988-12-12 15:46:10'),(256,91,'Repellendus odit deserunt nisi accusamus. Voluptates iste voluptatem numquam quia quia. Illo doloribus laborum illum quibusdam quasi. Incidunt velit numquam soluta beatae vel quas ut.','2023-05-16 07:43:46','2013-11-11 17:04:01'),(257,48,'Rerum aspernatur est repellat tempore tempore eaque. Quia qui doloremque porro incidunt officia distinctio similique. Aut beatae sunt magnam odio nisi totam voluptatibus.','1988-12-13 14:48:09','2012-02-28 19:50:29'),(258,83,'Eos minima recusandae ducimus rerum. Delectus esse sunt fugit qui reiciendis expedita. Eos rerum ut totam et autem beatae debitis aut. Itaque mollitia perspiciatis quasi sit impedit distinctio.','1982-06-03 09:52:40','1982-02-15 23:48:26'),(259,20,'Autem id nam nisi illo aperiam cumque. Aut aut quidem tenetur omnis explicabo amet et. Accusamus sit non corporis dolorem qui saepe delectus facilis. Quia optio est velit minima et nobis.','2013-12-25 12:34:55','2015-10-13 03:52:30'),(260,12,'Sed dolorem consequatur architecto quo. Autem aliquid delectus qui dolore error. Provident eos omnis deserunt rerum fugit eos.','1992-04-22 06:07:44','2022-10-23 04:28:14'),(261,67,'Beatae et sint totam iure et. Beatae ipsa quisquam possimus enim ut eaque molestias.','1986-08-08 20:26:37','1990-07-23 13:32:52'),(262,20,'Facere earum impedit sunt aperiam. Atque magni voluptate aliquam quos error repellendus. Odit culpa voluptatem aut nulla nam.','1980-06-14 11:59:16','2010-09-03 19:37:32'),(263,15,'Beatae nobis error consequatur maxime eveniet. Aut ullam non eos doloribus et tenetur nemo. Doloribus id quia et sed tempora ut quibusdam.','2005-04-26 12:32:14','2017-08-24 11:17:47'),(264,45,'Explicabo nemo modi odit non facilis voluptas vitae maxime. Accusamus laboriosam nihil distinctio reprehenderit. Vel est laborum dolorem.','2002-02-02 00:06:40','1980-09-20 02:30:38'),(265,10,'Veniam libero aut unde ut consectetur voluptate expedita. Aut architecto laborum aliquam deserunt id nam accusamus. Molestiae quis quibusdam quisquam error.','1973-09-08 14:21:31','1994-07-01 01:22:02'),(266,82,'Sint nobis nisi sapiente nisi aut iure impedit. Accusamus sint et velit enim aut et. Consectetur voluptatem ipsum qui odio sunt. Qui alias voluptatum veritatis velit ratione reiciendis iusto.','2007-08-26 10:11:20','2016-11-26 21:04:06'),(267,27,'Rerum commodi quibusdam recusandae enim. Eveniet eum odit error facere ut. Rerum ea sed quae voluptates in distinctio dolorem.','1982-02-15 16:20:19','1970-10-21 15:24:32'),(268,27,'Dolor qui quos mollitia. Quae qui sit et accusamus. Et fugit enim in est cum sit laboriosam sint. Nesciunt fugiat ex quam blanditiis labore est et.','2009-02-13 12:39:53','2007-06-03 02:40:02'),(269,67,'Nihil repudiandae ullam ipsa sunt. Minus vitae fugiat quia repellendus beatae nulla cum recusandae. Incidunt ullam a ex nulla. Quas totam corrupti ullam omnis voluptatem earum.','1997-04-20 04:56:25','1996-08-11 23:34:12'),(270,63,'Inventore cupiditate doloribus repellendus. Aspernatur ipsum sed possimus. Quam soluta aut at qui est dolorem aut. Aut eum odio odio eos. Omnis facilis placeat officia consequatur cum.','1986-09-04 05:31:36','1990-07-15 01:51:55'),(271,98,'Quidem hic enim laboriosam in. Molestias temporibus consectetur consequatur rerum ut.','2012-05-01 00:49:18','2007-06-14 11:56:53'),(272,24,'Ut corporis laudantium aut et. Recusandae odio soluta tempora exercitationem ratione cupiditate animi occaecati. Quaerat nihil nemo eos eius et.','2010-03-22 08:45:52','2000-07-14 19:04:59'),(273,18,'Dignissimos est in rerum nobis voluptatem facilis consequatur. Ducimus officiis soluta et id. Eum eveniet dolores ipsam eos vero. Velit modi assumenda et ea praesentium sapiente quis unde.','1983-01-06 16:38:10','1972-06-10 10:23:34'),(274,10,'Quis odio sed facilis rerum commodi placeat est. Cum autem et qui corrupti est et. Accusamus debitis explicabo quos voluptatem. Odit dicta eos omnis sapiente.','2003-04-05 05:17:37','2016-02-13 20:23:54'),(275,41,'Ut fuga dolores accusamus ut ut quia. Numquam blanditiis doloremque incidunt quo eius ad. Cupiditate aperiam deleniti quae iusto. Enim iusto quia vel ratione delectus voluptatem ut.','2006-01-26 00:18:16','1995-12-29 08:33:34'),(276,37,'Sed quas ut officia non optio dolores tempora voluptatem. Aut itaque qui eos corrupti doloremque culpa. Quisquam molestias quis ut deleniti. Quidem corporis sint voluptas rerum.','2005-07-29 01:53:40','1999-05-17 01:27:13'),(277,81,'Iure quae eius dolorum quis. Architecto provident repellendus qui inventore exercitationem nulla quisquam id. Similique sit earum deserunt animi doloremque debitis.','2008-06-11 15:01:26','2011-10-27 12:02:45'),(278,5,'Amet illo voluptatibus sequi quibusdam sed laudantium. Aperiam sit in amet consectetur deserunt unde. Est aut provident impedit accusantium alias. Similique accusamus molestias earum.','1981-01-07 18:41:52','2015-10-02 14:52:15'),(279,28,'Dolor minus est enim ullam. Ducimus itaque velit quas rerum omnis sunt. Et accusantium eius est soluta. Aut quis expedita aut quis ipsa odio dicta et.','1997-09-14 23:38:39','1977-04-13 15:23:01'),(280,27,'Aut deserunt aut dolores architecto placeat tempore beatae. Quas culpa eligendi possimus enim non. Iure est atque ex est tenetur sed.','1974-06-11 01:40:10','2012-08-20 22:54:43'),(281,27,'Beatae voluptas enim praesentium. Amet explicabo qui recusandae unde et sed. Magni ab voluptatibus autem reiciendis quod distinctio. Aut accusantium praesentium magnam commodi ut alias sit.','1980-08-22 13:56:11','2013-06-11 03:18:11'),(282,91,'Enim corporis ea magnam est quam. Placeat assumenda molestiae beatae quis. Eum et in aut voluptatem et nam tempore iste. Similique nihil rem non fugit quas in odit et.','2011-06-21 07:00:21','2006-10-12 23:27:14'),(283,88,'Hic qui sunt consequatur pariatur sit officiis vitae est. Rem est minus hic. Architecto et officiis aliquid ab repellendus dolorem.','2021-05-03 14:58:05','1988-12-13 17:41:33'),(284,5,'Eveniet sequi corrupti et vel ut et rerum. Id recusandae nihil aliquam facilis sed. Velit voluptatem facere maiores aperiam illum itaque sit.','2005-06-26 08:46:02','1979-06-03 08:18:53'),(285,43,'Delectus iure assumenda at unde. Sint corporis sint doloribus eum. Temporibus occaecati dolor nihil illo sunt aliquid quis.','2022-03-24 06:31:49','1981-09-06 01:11:46'),(286,45,'Occaecati officiis est qui vel hic. Consectetur distinctio sunt rerum itaque ducimus quis. Qui eos id tenetur consequatur.','1978-05-10 06:07:28','1987-08-26 18:57:17'),(287,27,'Inventore a beatae aperiam. Autem molestiae assumenda sequi ea iure sapiente. Quae id rerum excepturi autem harum. Reprehenderit maxime natus blanditiis commodi eos culpa reiciendis.','2012-01-27 06:40:41','1976-04-23 21:47:38'),(288,11,'Iusto saepe quam provident et eligendi autem. Omnis dolorem saepe aliquam quaerat nam voluptatem. Non est aut laborum sunt enim ratione provident. Dolores sed aut blanditiis ullam.','2007-08-11 16:20:39','2008-04-20 09:33:54'),(289,72,'Doloribus consequatur tempora enim voluptates. Amet nesciunt dolorem eius eum illum eveniet quia. Aut earum ea et neque consequuntur.','1999-04-12 15:30:03','1987-01-03 07:28:51'),(290,74,'Quis impedit aut quasi id dolores doloribus corporis. Autem non tempore qui odit doloribus perferendis. Sit odio enim pariatur officiis necessitatibus animi eligendi.','1992-03-17 20:40:06','2014-06-03 09:56:43'),(291,24,'Animi labore atque aut dolor et nihil. Non aliquam qui sed provident. Ea adipisci aliquam nam. Ut quaerat facere vitae saepe quia est.','1999-09-29 19:43:10','2012-01-20 11:04:17'),(292,21,'Quaerat vel sunt vero non voluptatem. Officiis eum aut libero maxime cum. Et sit autem impedit vel aut.','1982-10-04 13:00:15','2007-10-20 06:11:52'),(293,25,'Laboriosam quis qui voluptate nostrum dignissimos porro. Debitis hic molestias reprehenderit aut blanditiis delectus. Minima dolorum sapiente voluptatum.','1977-01-21 10:54:09','2019-09-12 10:20:20'),(294,85,'Similique quia consequatur rerum iusto ipsam expedita. Quod iste quasi error minus dolore aut voluptatibus. Placeat exercitationem autem rerum molestias inventore. Temporibus quia qui corrupti animi.','2023-03-04 20:27:48','1973-10-05 03:46:31'),(295,66,'Qui corporis magni qui fuga. Et sunt exercitationem sint aspernatur nobis ab temporibus. Animi sed et perferendis optio sit earum pariatur.','2016-02-07 15:15:26','1985-09-04 20:50:04'),(296,28,'Molestias ut voluptatem architecto delectus. Optio vel iure minus qui. Nesciunt consequatur ab et corrupti praesentium.','1981-03-13 14:40:23','1993-02-23 02:17:04'),(297,66,'Eum culpa provident pariatur labore sequi voluptas enim. Est et voluptates temporibus omnis omnis. Aut odit vel saepe et.','1998-12-29 15:20:24','1972-12-19 11:17:27'),(298,29,'Perferendis delectus minima modi voluptatem. Sed dolorem in molestiae sunt aut. Reiciendis mollitia ipsa qui praesentium.','1988-04-28 17:10:40','2008-03-16 15:11:07'),(299,95,'Officiis odio illum beatae totam debitis necessitatibus. Aut ea veniam eveniet quia officia. Nam nobis earum dolores laudantium.','2012-10-18 01:15:44','2009-09-26 07:09:39'),(300,97,'Natus quos eum dolores omnis rerum voluptates veniam aliquid. Dolorem est possimus incidunt. Impedit modi rerum facilis dolorem.','2009-11-13 15:54:18','1983-05-31 06:00:37');
/*!40000 ALTER TABLE `posts` ENABLE KEYS */;
UNLOCK TABLES;

--
-- Table structure for table `posts_likes`
--

DROP TABLE IF EXISTS `posts_likes`;
/*!40101 SET @saved_cs_client     = @@character_set_client */;
/*!40101 SET character_set_client = utf8 */;
CREATE TABLE `posts_likes` (
  `post_id` bigint(20) unsigned NOT NULL,
  `user_id` bigint(20) unsigned NOT NULL,
  `like_type` tinyint(1) DEFAULT 1,
  PRIMARY KEY (`post_id`,`user_id`),
  KEY `post_idx` (`post_id`),
  KEY `user_idx` (`user_id`),
  CONSTRAINT `posts_likes_fk` FOREIGN KEY (`post_id`) REFERENCES `posts` (`id`),
  CONSTRAINT `users_likes_fk` FOREIGN KEY (`user_id`) REFERENCES `users` (`id`)
) ENGINE=InnoDB DEFAULT CHARSET=utf8mb4 COLLATE=utf8mb4_unicode_ci;
/*!40101 SET character_set_client = @saved_cs_client */;

--
-- Dumping data for table `posts_likes`
--

LOCK TABLES `posts_likes` WRITE;
/*!40000 ALTER TABLE `posts_likes` DISABLE KEYS */;
INSERT INTO `posts_likes` VALUES (1,46,1),(1,73,0),(4,43,1),(5,10,1),(6,50,1),(8,77,1),(9,61,1),(9,92,1),(11,12,0),(12,24,0),(13,79,0),(17,8,1),(21,22,0),(22,10,1),(26,1,0),(26,27,1),(26,36,0),(27,7,1),(27,47,0),(28,1,0),(29,3,1),(29,6,0),(29,98,1),(31,87,1),(32,16,0),(32,27,0),(32,72,1),(35,60,0),(35,82,1),(36,17,1),(36,30,0),(38,49,1),(39,45,0),(39,46,0),(39,73,0),(40,7,1),(40,49,0),(40,50,1),(43,49,0),(43,53,1),(44,73,0),(45,57,1),(45,62,1),(46,29,0),(48,14,1),(48,88,0),(50,31,1),(51,67,0),(52,13,0),(52,50,1),(53,43,0),(53,44,1),(55,51,1),(55,89,0),(56,5,1),(57,68,1),(59,19,0),(62,27,1),(62,67,0),(62,80,0),(63,44,1),(63,59,1),(65,16,1),(66,41,1),(66,48,0),(67,8,0),(67,27,1),(67,56,1),(67,94,0),(72,68,0),(73,15,0),(73,21,1),(73,86,1),(74,29,1),(74,45,1),(75,22,0),(77,28,0),(77,92,1),(78,53,1),(79,7,1),(79,11,0),(81,18,1),(81,22,0),(82,1,1),(84,16,1),(85,57,1),(86,37,0),(87,40,0),(87,97,0),(88,40,0),(89,78,0),(92,2,0),(92,78,0),(93,48,0),(93,73,0),(93,76,0),(94,26,0),(95,49,1),(95,70,0),(96,1,0),(96,13,0),(97,68,1),(99,20,1),(101,68,0),(102,77,0),(103,46,1),(105,27,1),(106,8,1),(106,30,1),(107,42,1),(109,79,1),(112,11,0),(112,97,0),(116,10,0),(116,44,0),(116,56,0),(118,52,1),(118,63,1),(118,95,1),(120,11,1),(122,46,0),(123,89,1),(124,47,0),(125,37,1),(126,3,0),(127,52,1),(128,55,0),(129,12,0),(131,43,0),(133,80,1),(134,51,0),(134,66,1),(135,61,0),(136,19,1),(137,78,0),(138,80,0),(139,22,0),(139,53,1),(139,56,0),(141,6,0),(141,30,1),(141,82,0),(141,91,1),(141,93,0),(142,12,1),(142,77,1),(144,21,0),(144,72,0),(146,74,0),(147,43,1),(147,71,0),(148,24,0),(148,40,1),(149,16,1),(153,46,1),(154,93,0),(155,59,0),(156,23,1),(156,73,1),(156,75,0),(156,84,1),(159,58,0),(161,78,0),(161,81,0),(161,90,0),(164,8,1),(167,2,1),(167,47,1),(168,1,1),(171,54,0),(172,37,1),(172,53,0),(174,21,1),(174,78,0),(176,79,1),(177,18,0),(177,56,1),(178,28,0),(178,86,1),(180,72,0),(180,76,1),(180,81,1),(180,90,0),(182,47,1),(182,96,1),(183,2,1),(184,15,0),(184,74,0),(185,93,0),(186,5,0),(186,16,0),(186,56,0),(187,69,0),(190,56,0),(191,18,0),(191,19,0),(191,77,1),(192,62,1),(195,25,0),(197,91,0),(198,2,1),(198,67,0),(199,12,1),(199,60,0),(200,94,0),(201,50,0),(202,94,1),(203,28,0),(204,85,0),(207,52,0),(207,100,1),(208,8,0),(208,98,0),(209,33,0),(209,92,1),(210,16,0),(211,95,0),(213,15,1),(214,45,0),(215,18,0),(218,52,1),(218,89,1),(220,39,1),(221,26,1),(223,29,1),(223,44,0),(223,81,1),(224,40,1),(224,41,1),(224,78,1),(224,99,1),(225,96,1),(226,91,1),(228,67,1),(232,57,1),(235,39,0),(235,79,0),(237,50,1),(237,86,0),(238,40,1),(239,28,1),(239,73,1),(239,88,0),(240,4,0),(241,33,0),(241,74,0),(241,94,1),(242,26,1),(243,24,0),(244,96,0),(245,44,1),(245,81,1),(246,34,1),(247,13,0),(247,41,1),(248,49,1),(250,74,1),(250,83,1),(251,29,1),(251,94,1),(253,68,1),(257,3,1),(258,38,1),(260,69,1),(261,1,1),(261,13,1),(264,83,1),(266,71,0),(270,92,1),(271,10,1),(271,49,1),(274,26,1),(275,33,0),(279,12,0),(279,95,0),(281,18,1),(281,78,1),(283,84,0),(284,84,1),(286,25,1),(289,47,0),(289,50,0),(289,66,0),(290,12,1),(290,49,1),(290,56,0),(290,71,1),(291,4,1),(292,77,0),(294,90,1),(296,24,0),(296,45,1),(296,70,1),(297,59,1),(299,13,0),(299,33,0),(299,41,1),(299,76,1),(300,71,0),(300,83,1);
/*!40000 ALTER TABLE `posts_likes` ENABLE KEYS */;
UNLOCK TABLES;

--
-- Table structure for table `profiles`
--

DROP TABLE IF EXISTS `profiles`;
/*!40101 SET @saved_cs_client     = @@character_set_client */;
/*!40101 SET character_set_client = utf8 */;
CREATE TABLE `profiles` (
  `user_id` bigint(20) unsigned NOT NULL,
  `gender` enum('f','m','x') NOT NULL,
  `birthday` date NOT NULL,
  `photo_id` bigint(20) unsigned DEFAULT NULL,
  `user_status` varchar(30) DEFAULT NULL,
  `city` varchar(130) DEFAULT NULL,
  `country` varchar(130) DEFAULT NULL,
  PRIMARY KEY (`user_id`),
  UNIQUE KEY `photo_id` (`photo_id`),
  CONSTRAINT `fk_profiles_media` FOREIGN KEY (`photo_id`) REFERENCES `media` (`id`),
  CONSTRAINT `fk_profiles_users` FOREIGN KEY (`user_id`) REFERENCES `users` (`id`)
) ENGINE=InnoDB DEFAULT CHARSET=utf8mb4 COLLATE=utf8mb4_unicode_ci;
/*!40101 SET character_set_client = @saved_cs_client */;

--
-- Dumping data for table `profiles`
--

LOCK TABLES `profiles` WRITE;
/*!40000 ALTER TABLE `profiles` DISABLE KEYS */;
INSERT INTO `profiles` VALUES (1,'x','2021-09-27',1,'Commodi dicta quam autem iste ','Kesslerbury','984'),(2,'m','1972-02-23',2,'Vero illum sit et aliquid quae','Pacochashire',''),(3,'m','2000-12-19',3,'Doloribus voluptas dolore iust','West Vernon','8762'),(4,'f','2004-10-26',4,'Repellat nam magnam sunt ex. P','Raumouth','34577150'),(5,'m','1973-05-20',5,'Aut vero voluptates iure conse','Krisfurt','9639535'),(6,'m','1978-08-31',6,'Porro neque asperiores amet vo','Gennaroton','24748708'),(7,'x','1997-02-01',7,'Sit voluptates laborum tempori','Port Berneice','970052'),(8,'x','1995-08-05',8,'Ipsam eum consectetur nulla de','North Daphneville','480'),(9,'f','2022-04-12',9,'Et ad cupiditate dolores et ev','South Estevanville','48'),(10,'x','2006-02-28',10,'Optio omnis est dolore in nihi','Parisianberg','5995861'),(11,'x','2018-11-11',11,'Deserunt quis ut delectus est ','Port Trentonville','10700698'),(12,'m','2004-08-05',12,'Facere at mollitia placeat rat','North Julianburgh','7063864'),(13,'f','1987-06-14',13,'Delectus doloribus tenetur ill','Spinkabury','44466'),(14,'m','2014-04-01',14,'Incidunt similique neque quam ','Lubowitzland','96'),(15,'f','2006-11-08',15,'Porro enim non cum sed nobis i','East Dollyport','90653'),(16,'m','1993-06-09',16,'Maxime consequuntur quia volup','Botsfordborough','26303'),(17,'m','2005-07-24',17,'Dolores ipsam nulla placeat co','South Jillianview','146488369'),(18,'x','1987-07-03',18,'Quo libero harum sint optio ve','Port Carsonport','74'),(19,'m','1989-09-18',19,'Quasi ipsa suscipit est rem ea','Jerometown','212235'),(20,'m','2020-01-21',20,'Maxime esse iusto eos earum ve','West Chanel','3'),(21,'m','2016-04-27',21,'Nostrum deserunt iure ipsam cu','East Annamae','47'),(22,'x','2021-08-08',22,'Cum rem et fugiat exercitation','Darwinbury','2'),(23,'x','2011-01-05',23,'Commodi atque deleniti nostrum','Jewellfort','193'),(24,'f','2013-06-21',24,'Deleniti tenetur aliquam atque','North Modestobury','5235556'),(25,'f','1999-10-30',25,'Quibusdam recusandae sequi adi','Olsonfurt','669432'),(26,'m','1995-11-18',26,'Voluptas quaerat est corrupti ','Port Garnet','2238778'),(27,'x','1984-04-14',27,'Commodi vel omnis voluptatem s','North Morton','11665'),(28,'f','2003-02-15',28,'Ullam qui quis quis et. Perspi','Zackarytown','1'),(29,'f','2015-04-22',29,'Sapiente ipsum molestiae quis ','Jacyntheville',''),(30,'x','1997-09-14',30,'Quo aut architecto aut esse ut','North Rydershire','49'),(31,'m','1994-07-18',31,'Asperiores asperiores animi la','Antwanton','404'),(32,'f','2008-12-02',32,'Ipsam aut possimus dolorem dol','South Sharonchester','240067'),(33,'x','2019-04-04',33,'Quia asperiores consequatur co','Langoshview',''),(34,'m','1974-03-29',34,'Qui veritatis ut nam suscipit ','Lake Abbeytown','7946785'),(35,'f','1982-04-07',35,'Et beatae consequatur ducimus ','Dakotastad','72621'),(36,'f','1979-11-10',36,'Animi quam dicta aut in iste. ','East Minniestad','7'),(37,'m','2000-10-30',37,'Id sed nisi optio cum vel aut.','Cruickshankton','433077'),(38,'x','1998-10-22',38,'Provident et id saepe sequi vo','East Daphney','1050'),(39,'x','1998-02-04',39,'Est ex cupiditate similique fa','West Darren','3574'),(40,'f','2013-04-14',40,'Possimus ipsum modi sunt. Sit ','Heaneyport',''),(41,'m','1989-10-28',41,'Velit eum sed sint distinctio ','Lake Murray','31448562'),(42,'x','2001-11-28',42,'Accusamus qui repellat quisqua','New Estella','8734161'),(43,'f','1971-01-03',43,'Occaecati enim sint fuga et vo','West Antonettaport','690490'),(44,'f','1984-01-25',44,'Beatae veritatis saepe necessi','Lake Danemouth',''),(45,'x','1975-05-03',45,'Illum non explicabo quo quos e','Anselstad',''),(46,'m','1975-01-10',46,'Dolorem deserunt ducimus quod ','Reillyside','901'),(47,'f','1996-11-04',47,'Quibusdam voluptas libero nam.','Parisland','9'),(48,'f','1990-05-09',48,'Non minima tenetur consectetur','South Lolitaton','434'),(49,'f','1974-10-02',49,'Non sit et nesciunt voluptas s','Schmitthaven','7512415'),(50,'x','1999-07-04',50,'Beatae repellat quod optio min','Hannatown','3060337'),(51,'m','2018-05-17',51,'Tenetur aut fugit et neque. Re','New Kennedi','156'),(52,'x','1980-06-29',52,'Et ut nemo rem eum. Est volupt','Jamilport','922826144'),(53,'f','1978-08-04',53,'Impedit nulla non reprehenderi','Port Jakob','30'),(54,'m','2005-08-27',54,'Minus est dicta repudiandae es','Nickstad','4'),(55,'m','2008-02-18',55,'Non aut ex quia voluptas fuga ','O\','Haraborough','80'),(56,'x','2004-09-15',56,'Porro exercitationem autem rem','Lake Erynberg','974041114'),(57,'x','1996-06-13',57,'Dolor adipisci animi quaerat e','Dickiland','8222'),(58,'f','1993-06-09',58,'Nisi doloremque quidem dolorem','West Aracely',''),(59,'f','1997-03-13',59,'Quam atque ut amet temporibus ','Lake Darwin','5'),(60,'x','2008-10-08',60,'Qui sed aut cupiditate laudant','North Aminafort','75'),(61,'x','1995-08-15',61,'Et itaque omnis iusto mollitia','North Kevenland','9641903'),(62,'m','2006-05-03',62,'Et voluptatem non dolorem dict','North Darrylchester','788711'),(63,'f','2020-03-30',63,'Doloribus et consequuntur volu','Brennonburgh','8123'),(64,'f','1997-05-02',64,'Quia dolor quis consectetur au','Sherwoodton','203'),(65,'m','1977-07-31',65,'Libero quae quis nulla delenit','East Shaneport',''),(66,'f','1994-05-20',66,'Molestias quasi nihil vel blan','South Haleigh','208301871'),(67,'m','2022-08-19',67,'Dolorum est porro facilis eos.','New Kristiantown','20754'),(68,'f','1978-06-20',68,'Error animi ut et beatae. Dolo','New Pinkmouth','82'),(69,'m','2009-03-30',69,'Rerum adipisci voluptate volup','Harveyside','12617'),(70,'x','2019-10-25',70,'Ex quibusdam reprehenderit ven','Dibberthaven','675121592'),(71,'x','1989-07-23',71,'Iste blanditiis molestias non.','Turnermouth','5428'),(72,'f','2013-03-17',72,'Voluptas ea perferendis ut ali','Alexysburgh','2349'),(73,'m','1972-03-27',73,'Autem a impedit in doloribus r','Genefurt','100971891'),(74,'m','1992-05-21',74,'Voluptas explicabo non magni a','New Malliehaven','2'),(75,'f','2013-08-08',75,'Voluptatem sint sed in vel nam','Feeneyville','207453567'),(76,'x','1998-06-28',76,'Est ratione in voluptatibus ve','North Antone',''),(77,'x','1992-12-09',77,'Pariatur aperiam labore numqua','South Chad','2331271'),(78,'m','2012-11-15',78,'Occaecati expedita suscipit qu','Lake Fayefort','823729'),(79,'x','2017-06-16',79,'Veniam numquam quam totam quis','Tobinfurt','28474449'),(80,'m','2010-11-29',80,'Quia provident consequatur ver','Coopertown','81824'),(81,'f','1980-06-02',81,'Nisi nobis voluptatem ipsum no','West Madaline','39'),(82,'x','1983-10-28',82,'Est occaecati quibusdam ut har','East Carlos','5509529'),(83,'m','2021-06-13',83,'Hic non aut id. Laudantium del','Nicholauston','717'),(84,'x','2007-08-06',84,'Eius deserunt minus quibusdam ','Port Lenna',''),(85,'f','1987-04-16',85,'Rerum blanditiis non rerum. En','Robelfort','4320335'),(86,'m','1981-11-30',86,'Rerum dolorum est voluptas et.','South Paulfurt',''),(87,'f','2014-09-27',87,'Repudiandae rerum et accusamus','Heathcoteville','99624710'),(88,'f','2006-05-31',88,'Eos sunt voluptatem quis. Aliq','Celinebury','80519'),(89,'m','1976-03-22',89,'Est consequatur qui quas quae ','Langworthmouth','288'),(90,'x','2000-05-14',90,'Illo blanditiis voluptas volup','Roscoeport','433'),(91,'f','2001-10-26',91,'At soluta ut distinctio et ut ','South Kevin',''),(92,'x','1980-03-01',92,'Voluptas qui qui non vitae lau','Haleyville','84443703'),(93,'x','2010-10-07',93,'Molestiae non illo id reprehen','West Alvis','58794177'),(94,'x','2016-03-19',94,'Est cumque dolores libero pers','Waltershire','10'),(95,'f','2016-04-22',95,'Culpa iure ullam quam quod per','Royceland','220750278'),(96,'f','1975-05-03',96,'Fugiat ratione fugiat cumque n','Roweborough','29879780'),(97,'x','2021-01-13',97,'Consequatur quam et labore cum','Kristopherfurt',''),(98,'x','2002-01-29',98,'Temporibus quae consectetur et','Bergstromside',''),(99,'x','1978-11-27',99,'Non non exercitationem dolores','East Eviestad','485735'),(100,'f','1987-02-13',100,'Et aliquid ratione iste quidem','Lake Efrainland','661312105');
/*!40000 ALTER TABLE `profiles` ENABLE KEYS */;
UNLOCK TABLES;

--
-- Table structure for table `users`
--

DROP TABLE IF EXISTS `users`;
/*!40101 SET @saved_cs_client     = @@character_set_client */;
/*!40101 SET character_set_client = utf8 */;
CREATE TABLE `users` (
  `id` bigint(20) unsigned NOT NULL AUTO_INCREMENT,
  `first_name` varchar(145) NOT NULL,
  `last_name` varchar(145) NOT NULL,
  `email` varchar(145) NOT NULL,
  `phone` char(11) NOT NULL,
  `password_hash` char(65) DEFAULT NULL,
  `created_at` datetime NOT NULL DEFAULT current_timestamp(),
  PRIMARY KEY (`id`),
  UNIQUE KEY `email_idx` (`email`),
  UNIQUE KEY `phone_idx` (`phone`)
) ENGINE=InnoDB AUTO_INCREMENT=101 DEFAULT CHARSET=utf8mb4 COLLATE=utf8mb4_unicode_ci;
/*!40101 SET character_set_client = @saved_cs_client */;

--
-- Dumping data for table `users`
--

LOCK TABLES `users` WRITE;
/*!40000 ALTER TABLE `users` DISABLE KEYS */;
INSERT INTO `users` VALUES (1,'Billie','Kihn','pamela15@example.net','00988396224','13d75fb1c0fb7be8a29d9954baf15e236dd2753b','2018-07-07 02:11:49'),(2,'Misty','Reichert','fae.gerlach@example.com','086.020.710','510aa5bb0e7696d1a98a1860e6a6348948d5e533','2010-04-20 14:49:30'),(3,'Rosalind','Rath','kuvalis.petra@example.net','064.773.792','f2888d3b0f7f6d155116023779f8937cf0820838','2015-12-05 17:46:12'),(4,'Maryam','Miller','kertzmann.melody@example.org','09135749482','1293bbfd5ccd5ac643ba18fc6a0676e5b0febae7','1980-05-05 16:45:54'),(5,'Dale','Koss','zstamm@example.org','+72(8)00840','431e9cad4494433b9ff1f3af31be395008efcb8d','1996-04-20 06:27:06'),(6,'Wilfrid','Gerhold','sophia.moore@example.net','188-626-084','12e8643ed43f0b1680d59cf3895ef9fb88fce1c8','1999-04-25 16:56:33'),(7,'Margaret','Abernathy','aleen.boehm@example.net','1-540-383-2','33d7f22518c94f6465e3b9c4d532ecac8cca24d8','1974-10-18 07:37:36'),(8,'Rossie','Konopelski','dandre.flatley@example.com','426-897-438','eb6e4206ed63065e730a92569844c5b0b2f7eda0','2014-04-07 12:25:20'),(9,'Avery','Feeney','lue.ward@example.org','1-792-626-3','d12ad14a97e242be081acd8e7c129797e3ac1daa','1987-09-19 23:28:26'),(10,'Ismael','Hintz','faustino43@example.org','345-537-004','197f8f4e19b3d688038925782012063422dd49ef','1995-06-20 02:23:09'),(11,'Bridgette','Considine','reggie29@example.net','+24(1)85255','57cd5f507cf56e6410bf906dd52e59113550b867','2011-04-04 12:01:01'),(12,'Callie','Jenkins','stephon.white@example.org','07529756771','b1a8951a8e0f994df6fe49c48c1b205e9657b6c4','1982-03-17 08:52:10'),(13,'Howard','Runolfsdottir','marlene.considine@example.com','975.911.588','bbc5860919190405c2580ef1e8b46cd6cafc57ea','1986-06-22 07:32:05'),(14,'Bennie','Cruickshank','xreinger@example.net','1-621-890-2','2bb46189623a6aa01af541a26b881b271ab08084','1978-04-21 08:28:26'),(15,'Cheyanne','Schmitt','zernser@example.com','404-644-116','0290db96e0a9a591b7e75fbc0cd215e20eda8ed7','2008-08-04 14:45:47'),(16,'Taylor','Haag','jvolkman@example.org','+41(0)37703','41b94ae68c06e54926a0928890e2dffd1ed8ba46','2009-07-11 07:06:09'),(17,'Raquel','Collins','gorczany.walker@example.org','355.360.560','b0574a2144678613cae18b3f09cfb957cb447e63','2018-07-02 20:57:52'),(18,'Jabari','Roberts','mertz.ivah@example.net','990.694.130','217c42882c961a793361842a2f166aec9615cac7','2013-06-10 12:33:43'),(19,'Hubert','Gleason','maudie.donnelly@example.org','1-509-858-8','ff29520fbca9cef419856fe1eb3dc3835870e353','1973-04-15 06:55:20'),(20,'Joshua','Stroman','frankie.terry@example.net','525-484-326','fa76f98fc7aca6cacc17b7e62a85029be30b1350','1997-05-08 06:41:34'),(21,'Leslie','Funk','kbednar@example.com','1-357-273-8','95d0f8e947f630fd9623bbab45afdff239ecfc92','1997-05-29 09:36:07'),(22,'Sylvester','Von','francisca25@example.com','941.577.928','34ccb4111bc46102bee6f5a9bcfe5d1f3fc27d0f','2019-03-11 20:33:41'),(23,'Watson','Romaguera','serenity72@example.com','(619)838-74','6188cf9ab595ca6911c5f2365037dd53c28653f3','1992-03-15 06:30:00'),(24,'Maxwell','Jaskolski','minerva.hammes@example.org','(506)172-62','2a16136fc9f00cf11335aa3a3f4fc947ea762d0e','1977-05-13 18:34:33'),(25,'Lauren','Streich','monique85@example.org','1-230-808-4','91afbfd55bb874989fae76cc6f29647d66cea7de','1999-06-26 07:37:54'),(26,'Cielo','Murphy','hettie.schmitt@example.com','02582283215','49a8dd163ebb03c1e8e5da10d1d48b34014f8461','2004-01-11 05:43:02'),(27,'Frank','Williamson','travon51@example.net','(389)588-78','e845f9122f04a7d22b4ddd775bee742f0637f91b','1973-02-11 05:16:52'),(28,'Etha','Mann','minerva.bogan@example.com','03010708056','86265948528c5bd34d55ab6407a2b2d5d1090267','2003-02-17 17:46:47'),(29,'Emanuel','Rau','lehner.destany@example.org','990-377-084','65f73a6e6a5ba57ab87499a6d775b70483d8d7be','1992-06-26 01:36:52'),(30,'Viva','Schneider','hills.kian@example.net','099-424-391','2b0bcc9be4deb25af77cc61766af31e34458fc5b','2009-11-28 22:53:51'),(31,'Glenna','Casper','mueller.dexter@example.net','168.297.012','65bb1e79e3ea06195b920467161b7e29106ab724','1973-02-11 00:16:51'),(32,'Alan','Dicki','wilkinson.aimee@example.net','09301555277','ed667065b38ae18db80db876cc78c8304acce262','1998-03-06 16:04:52'),(33,'Raven','McDermott','eanderson@example.com','973.217.623','2801df7a160bb97668b6962f508bb65d6da0c3ee','2018-09-18 20:31:19'),(34,'Kaia','Berge','retha01@example.com','351-786-550','f1780214871bcb891f81ef15659a0c9afb4a4929','2007-08-02 07:41:51'),(35,'Joel','Skiles','oliver37@example.net','1-894-424-9','e8ef9337f669bf4df132483d8cb571e5ea72a980','2007-06-10 15:47:15'),(36,'Nicholaus','Sipes','jessyca.morar@example.net','(604)444-14','60e0a37c5635586eb94b8332584788f28432c737','1984-05-31 08:14:57'),(37,'Verna','Carroll','deckow.frankie@example.com','03202388319','5b7828740b9f849ba4edd8658901a222e9c91523','2006-10-19 13:29:40'),(38,'Rachelle','Ebert','imani.wilderman@example.net','099-264-290','13c6f6a7f47326c0967696ad541f72a3798aaafd','2005-11-27 11:21:15'),(39,'Max','Zulauf','ellen66@example.org','(890)521-11','16995a20f8d8acc35af14c8fbad820a23e32e3bd','2016-02-11 15:32:31'),(40,'Alphonso','Feest','camylle96@example.com','(305)250-83','cce05a2a3d153cf1604c33ec3698e1a023dd352e','1970-02-16 04:29:01'),(41,'Ethelyn','Weber','kira12@example.com','(312)967-55','5ca29af76bf83c474ecad559649fabaea6c81a4d','2016-04-05 05:31:54'),(42,'Clovis','Rohan','oborer@example.com','590-826-223','50c8c8b3cabb53788cbe3863d9509f9b1dc6375d','1971-10-13 03:04:40'),(43,'Tony','O\','Conner','adolf.blanda@example.net','1-020-519-9','239b53d3b6bc4cfa3d4d2f1ec0bdc60bf34441b4','2001-09-13 02:47:48'),(44,'Winfield','Schoen','timmothy.moen@example.net','(599)336-81','8a5ba5b58bd088427300938b4ee4cbf8f077b1e5','2016-06-24 22:06:01'),(45,'Walker','Haley','lyric94@example.org','123-961-679','12ce5477e14ca6308cfdd4ec01152a7856bb1425','1998-08-31 13:18:24'),(46,'Alverta','Cummerata','cynthia93@example.net','765-571-575','87e5a3c2525bcc0ea9cd4bb1034d6fd3a36dbd3c','1985-07-26 06:29:56'),(47,'Lincoln','Lueilwitz','shegmann@example.net','250.789.518','bde8b5ec08682b5bdc2d3d2151dc9fc695158753','2016-11-20 05:58:32'),(48,'Lonnie','Dach','dortiz@example.net','498.499.770','8c9380d9252a2d60395247f314bc32ce5d842947','2007-02-14 23:23:10'),(49,'Trystan','Dickinson','bradtke.shaina@example.net','(688)191-26','c146c971a6849d946961d6dc119e33b062308619','2000-10-23 03:36:52'),(50,'Gage','Hoppe','lora.feest@example.com','02605543278','0d6a9cfef1c8d218e4208900cb9447cae83ee5d3','2011-11-04 06:21:26'),(51,'Rahsaan','Kuvalis','ward.pamela@example.org','(482)435-67','9fdb45de678d81ee87af252fa0796f63d3478550','1973-11-15 07:08:35'),(52,'Coy','Schamberger','wlangosh@example.net','888.977.948','d7e0af47e238e3c4e297290141b0beec7c9d315b','1999-06-04 12:04:49'),(53,'Erika','Bins','huels.barrett@example.org','1-698-632-8','c51ff70098a9766b255409886ca8488f3fe3b8bd','1981-08-25 01:51:06'),(54,'Estefania','Mayert','ahand@example.org','07391903885','6b310af9740be410fdb97588ca1a7c3d15e98665','1981-03-08 21:31:14'),(55,'Rhianna','Wiza','uschumm@example.net','(753)292-97','ac36b791f629cff477cd807315089ad161452297','1982-08-21 17:26:49'),(56,'Stevie','Sanford','fkovacek@example.net','567-870-053','b9ed470d5bf44d2759d1e234fb495dcfd983224b','2006-12-07 12:00:46'),(57,'Eliza','Abshire','shyanne59@example.net','1-205-054-2','ebb985ed8fcf794d186572a20888ec17749a502c','1986-06-17 12:10:16'),(58,'Cristal','Kuhlman','lisette18@example.com','066-566-684','51895ee50236b08efd4ed36f82cabfb5b6ad8907','1974-08-29 00:56:34'),(59,'Hank','Kemmer','mitchell.laurine@example.net','117-810-834','ce19d63af22e241f33a00df70b727cd69e14d9d4','2019-10-25 01:38:25'),(60,'Adelbert','Hoeger','sebastian.jerde@example.net','(225)008-13','5a910e6e615c57834bb05d83eaa732026ffb6262','2013-04-11 09:58:29'),(61,'Betsy','Boehm','oberbrunner.carolanne@example.net','(982)993-52','2f1a4a937ae0cf7c75ec461ba2e0ef693210d9c9','2010-08-27 06:23:05'),(62,'Carley','Beer','macejkovic.shakira@example.org','(551)883-44','68b4e24d341746c5cc0ed6ab913136b4d8f07981','1986-09-02 15:23:50'),(63,'Rosamond','Herman','maria71@example.net','(956)699-74','f3e87848354a6ac5445a48142ea6f5f7414e3319','1971-08-06 07:29:13'),(64,'Juston','Veum','aylin.davis@example.net','(207)908-22','8f71b2a196628445062ab6e4dd75c817c27ecff4','2000-09-22 14:11:26'),(65,'Ulices','Altenwerth','cesar.ebert@example.net','441.496.218','112555c6d011cfc22cb329fb2d2fd90ee53843ea','1993-06-04 06:44:55'),(66,'Jakayla','Glover','mkunze@example.net','(372)680-59','8c92af30132719307d6ed7550aad99974a474258','2011-07-20 09:50:52'),(67,'Maiya','Schiller','neha09@example.com','(267)077-07','0a02aed065b707c9883ea4a3ed0fd21708842d4d','2003-06-23 11:34:47'),(68,'Trevor','Bartoletti','isaiah.feil@example.com','+80(2)76261','2146d28bcd5ec216fe9e5eddea9d65c6698acd67','1999-12-03 21:18:29'),(69,'Morgan','Kunze','aspencer@example.com','1-878-748-8','31bd388215d258d12d38e11a49b03e41eafd2639','2005-09-02 14:52:47'),(70,'Camryn','Krajcik','ohauck@example.org','+12(3)83393','06180457e15015830d01af630baf4509b4835e6a','1986-02-12 03:50:44'),(71,'Amaya','O\'Kon','johanna.schoen@example.org','852-764-830','c221ec57399f6b2c272a1329f79086641ef4cfd8','2000-10-28 19:53:42'),(72,'Micheal','Friesen','jettie.kutch@example.org','118-878-410','bff1052126258a194ad6303404ec977b565c4820','1987-04-09 14:30:31'),(73,'Caroline','Schulist','janet.donnelly@example.net','1-622-452-2','d565b0146b840d68e6654e0899774cbedbf3db95','1978-07-26 06:53:50'),(74,'Ulices','Donnelly','anderson.dax@example.org','1-381-852-9','3bea641afc9c7aa04544033500ee24d479b543d7','2006-03-27 18:21:07'),(75,'Lily','Runolfsdottir','gward@example.org','+15(2)12874','607bfc362cbf2aa04ff67b8bbb45edeb218eca54','2015-04-17 03:52:33'),(76,'Fritz','Toy','davis.ivy@example.net','(764)228-07','8b70f0de9a91f14d6a5ab20ebeef6cbe1134d561','1989-10-05 16:52:35'),(77,'Gerardo','Dickinson','jhane@example.com','288.748.351','827fa8fe6da5c2e1fe5ef60cae0bbd0b8fe745fb','2006-02-11 20:46:43'),(78,'Chaya','Spinka','nina27@example.org','659-334-563','1590d3f3f5639c136ab7f99393b2bf43561848df','2011-02-23 05:48:05'),(79,'Laisha','Erdman','swaniawski.alia@example.com','(989)368-14','946ebb633412d7c77e6087125defa10749147850','2018-12-30 05:13:34'),(80,'Hugh','Pacocha','kirstin.gleichner@example.net','987.593.917','2855c905d5fc1eea41cf39cf0d71cb92e18f68ca','1986-04-30 01:29:08'),(81,'Evert','Abernathy','loren.lesch@example.org','1-176-060-7','d52d0b1fa113251da17474d39865460ab938dc97','2012-07-28 00:53:08'),(82,'Deanna','Toy','marie10@example.net','+67(4)50294','689342a2a50742689bc3fea9744826df54f49d5d','1976-03-06 19:21:20'),(83,'Zoe','Emmerich','laura47@example.net','1-888-125-9','26b8a7208779c4fbb821746af081955a4b5bd479','2014-01-22 06:40:06'),(84,'Betsy','Gutmann','karine30@example.com','503.919.108','ccd27849fc22003f405f882bead25717444839a4','2014-12-29 21:28:47'),(85,'Colin','Wyman','brittany.conroy@example.org','051-759-691','0b11734a3f027126a68fd8d6f3b862f9c732e771','1973-10-27 07:40:24'),(86,'Leone','Swift','kassulke.karine@example.org','282.022.816','5a68374d31f3bb0b51694f2a40725404fb549cbf','1971-10-18 18:25:25'),(87,'Lenore','Trantow','haley.giovanna@example.com','(380)566-86','40c878988eb4ba3964712a856c98820782ebd15a','2013-11-12 20:22:31'),(88,'Marielle','Walter','tluettgen@example.org','097.831.438','1e52d7ee809fef1f74945673b8ebbf35817060dc','1990-01-23 09:48:00'),(89,'Bianka','Johns','weber.felicita@example.com','818-270-281','e4941a664ca2a09991fdda43951e8c6286850a60','1991-11-06 00:15:18'),(90,'Julio','Stark','caleb19@example.net','1-732-951-6','6236fd6a7d096d7e73140ab67b7d422caee3bbd0','1981-10-09 20:00:27'),(91,'Cole','Larson','tkessler@example.org','073.217.324','92797e60931be4bf60da91ec0b045523e9c2869e','2008-09-30 00:25:04'),(92,'Alia','Crooks','demarcus.anderson@example.org','1-300-029-7','1d3ac672972096a99ab91a29c7a8df9e5ddcd3f0','1971-05-04 03:34:32'),(93,'Stephany','Fadel','annalise.abernathy@example.com','277.793.482','32141db13c37c84150e49a360a67ef19c68b282c','1973-12-01 16:14:18'),(94,'Erwin','Lesch','alvis.eichmann@example.com','537.107.273','f599b569714894ad6e7b0bca4ee17335414b62af','2015-08-12 00:42:34'),(95,'Conor','Simonis','jimmie.feil@example.net','+69(8)50783','46882c498c1284a7608e291f76cc71a674d29776','1995-03-18 07:45:33'),(96,'Cody','Windler','uo\'reilly@example.net','+23(6)63433','3296e4ba82f6b6aea960f0a8e25ad6c06f79d1ab','1997-11-02 05:48:20'),(97,'Amara','Lesch','patricia83@example.com','(949)647-68','5a9b2526607e54e14931f645e530890441886e67','1994-02-20 03:28:09'),(98,'Jeanie','Goyette','wkris@example.net','268-048-100','3900da52dd6cb38bcd9194080262b8cce2bac9ff','2019-10-02 23:15:37'),(99,'Kiarra','Kunde','otho67@example.com','351.154.604','8b4585c0c41eb972165e3c4bfc3475f1be798590','2016-12-23 22:46:51'),(100,'Dariana','Schmidt','amann@example.com','1-205-362-7','f834090c932d93c789b999566f677a93cf22df27','1997-11-12 04:07:10');
/*!40000 ALTER TABLE `users` ENABLE KEYS */;
UNLOCK TABLES;
/*!40103 SET TIME_ZONE=@OLD_TIME_ZONE */;

/*!40101 SET SQL_MODE=@OLD_SQL_MODE */;
/*!40014 SET FOREIGN_KEY_CHECKS=@OLD_FOREIGN_KEY_CHECKS */;
/*!40014 SET UNIQUE_CHECKS=@OLD_UNIQUE_CHECKS */;
/*!40101 SET CHARACTER_SET_CLIENT=@OLD_CHARACTER_SET_CLIENT */;
/*!40101 SET CHARACTER_SET_RESULTS=@OLD_CHARACTER_SET_RESULTS */;
/*!40101 SET COLLATION_CONNECTION=@OLD_COLLATION_CONNECTION */;
/*!40111 SET SQL_NOTES=@OLD_SQL_NOTES */;

-- Dump completed on 2023-06-01 13:31:42
